const,S.No.,Kilometers_Driven,Mileage,Engine,Power,Seats,Ageofcar,Kilometers_Driven_log,Location_Bangalore,Location_Chennai,Location_Coimbatore,Location_Delhi,Location_Hyderabad,Location_Jaipur,Location_Kochi,Location_Kolkata,Location_Mumbai,Location_Pune,Fuel_Type_Diesel,Fuel_Type_Electric,Fuel_Type_LPG,Fuel_Type_Petrol,Transmission_Manual,Owner_Type_Fourth & Above,Owner_Type_Second,Owner_Type_Third,Brand_Class_Low
1,2390,56674,13.7,1798,157.75,5,5,10.945070830756016,0,0,0,0,0,0,1,0,0,0,0,0,0,1,0,0,0,0,1
1,4499,193254,11.5,2982,171,7,11,12.171760664812426,0,0,0,0,1,0,0,0,0,0,1,0,0,0,1,0,0,0,1
1,4308,53817,25.47,1248,88.5,7,7,10.8933446813672,0,0,1,0,0,0,0,0,0,0,1,0,0,0,1,0,0,0,1
1,1633,75445,22.7,1498,89.84,5,4,11.231159192947752,0,0,0,0,0,0,1,0,0,0,1,0,0,0,1,0,0,0,1
1,526,20667,22,1197,81.8,5,2,9.936293504261306,0,0,0,0,0,0,1,0,0,0,0,0,0,1,1,0,0,0,1
1,326,30000,9.52,2993,313,4,10,10.308952660644293,0,0,0,0,0,0,0,0,1,0,1,0,0,0,0,0,0,0,0
1,4520,62767,20.34,1498,103.2,5,5,11.047184736637487,0,0,1,0,0,0,0,0,0,0,1,0,0,0,1,0,0,0,0
1,5215,28232,15.8,1499,110,5,6,10.248211365355106,0,0,1,0,0,0,0,0,0,0,0,0,0,1,1,0,1,0,1
1,4050,60000,14.53,1798,138,5,12,11.002099841204238,0,0,0,0,0,0,0,1,0,0,0,0,0,1,1,0,0,0,1
1,3641,20229,25.17,799,53.3,5,5,9.914872497402692,1,0,0,0,0,0,0,0,0,0,0,0,0,1,1,0,0,0,1
1,220,25166,17.19,1197,81.86,5,3,10.133249156151914,0,0,1,0,0,0,0,0,0,0,0,0,0,1,1,0,0,0,1
1,5673,15976,17.9,2143,136,5,2,9.67884287509565,0,0,1,0,0,0,0,0,0,0,1,0,0,0,0,0,0,0,0
1,5653,29000,19.67,1582,126.2,5,5,10.275051108968613,0,0,0,0,0,0,0,0,1,0,1,0,0,0,1,0,0,0,1
1,366,45000,23.59,1364,67.05,5,7,10.714417768752456,0,0,0,0,0,0,0,1,0,0,1,0,0,0,1,0,0,0,1
1,4386,138000,18.2,1061,64,5,13,11.83500896413934,0,0,0,1,0,0,0,0,0,0,0,0,0,1,1,0,0,0,1
1,3292,51000,18,1497,117.3,5,6,10.839580911706461,0,0,0,1,0,0,0,0,0,0,0,0,0,1,0,0,0,0,1
1,3766,15000,18.88,999,123.24,5,4,9.615805480084347,0,0,0,0,0,0,0,0,1,0,0,0,0,1,1,0,0,0,1
1,1078,10512,8.6,2706,265,2,6,9.260272740724393,0,0,0,0,0,0,0,1,0,0,0,0,0,1,0,0,0,0,0
1,5621,125000,11.5,2982,169,7,9,11.736069016284436,0,0,0,0,0,0,0,0,0,1,1,0,0,0,0,0,0,0,1
1,777,67000,22.32,1582,126.32,5,9,11.112447898373103,1,0,0,0,0,0,0,0,0,0,1,0,0,0,1,0,0,0,1
1,5268,28000,17,1197,80,5,12,10.23995978915734,0,0,0,0,0,0,0,0,1,0,0,0,0,1,1,0,0,0,1
1,4708,49000,16.55,2993,258,5,5,10.799575577092764,1,0,0,0,0,0,0,0,0,0,1,0,0,0,0,0,0,0,0
1,1460,69078,12.7,2179,187.7,5,13,11.142991579901722,0,0,1,0,0,0,0,0,0,0,0,0,0,1,1,0,0,0,0
1,2705,68282,17.92,1086,62.1,5,13,11.131401467633472,0,0,0,0,1,0,0,0,0,0,0,0,0,1,1,0,0,0,1
1,5203,26969,22.07,1199,73.9,5,4,10.202443337211283,0,1,0,0,0,0,0,0,0,0,1,0,0,0,1,0,0,0,0
1,217,44000,19.81,1086,68.05,5,9,10.691944912900398,0,0,0,0,0,0,0,0,0,1,0,0,0,1,1,0,1,0,1
1,1655,80000,13.7,1798,157.75,5,7,11.289781913656018,0,0,0,1,0,0,0,0,0,0,0,0,0,1,0,0,0,0,1
1,5232,51000,16.8,1497,118,5,8,10.839580911706461,0,0,0,0,0,0,0,0,1,0,0,0,0,1,0,0,0,0,1
1,1760,88000,20.77,1248,88.8,7,9,11.385092093460345,0,0,0,0,0,0,0,0,1,0,1,0,0,0,1,0,0,0,1
1,2709,40866,19.5,1199,86.76,5,5,10.618053700469373,0,0,0,0,0,0,1,0,0,0,0,0,0,1,1,0,0,0,1
1,5172,53920,14.28,1798,138.03,5,6,10.895256745586188,0,0,1,0,0,0,0,0,0,0,0,0,0,1,1,0,0,0,1
1,4455,57266,20.5,1248,91.72,5,6,10.95546235835288,0,0,0,0,1,0,0,0,0,0,1,0,0,0,1,0,0,0,1
1,5040,62000,11.3,1298,83.1,8,18,11.034889664027231,0,0,0,0,0,0,0,0,1,0,0,0,0,1,1,0,1,0,1
1,1745,73513,19.7,796,46.3,5,11,11.20521754030944,0,0,0,0,0,1,0,0,0,0,0,0,0,1,1,0,0,0,1
1,3060,20765,15,1598,103.52,5,6,9.941024156064854,0,0,0,0,0,0,0,0,0,0,0,0,0,1,1,0,0,0,1
1,2998,78616,14.84,2143,170,5,7,11.272330520042264,0,0,0,0,0,0,0,0,0,0,1,0,0,0,0,0,1,0,0
1,199,90000,19.87,1461,83.8,5,7,11.407564949312404,0,0,0,1,0,0,0,0,0,0,1,0,0,0,1,0,0,0,1
1,3790,68128,21.1,814,55.2,5,10,11.129143567693202,0,0,0,0,1,0,0,0,0,0,0,0,0,1,1,0,0,0,1
1,3520,90000,18.48,1995,190,5,9,11.407564949312404,0,0,0,1,0,0,0,0,0,0,1,0,0,0,0,0,0,0,0
1,1549,57390,19.01,1461,108.45,5,5,10.95762535110241,0,0,0,0,0,0,1,0,0,0,1,0,0,0,1,0,0,0,1
1,3984,12000,24.04,999,67,5,4,9.392661928770137,0,0,0,0,0,0,0,0,0,0,0,0,0,1,0,0,1,0,1
1,5519,78000,13.5,2477,175.56,6,6,11.26446410567173,0,0,0,0,0,0,0,0,0,1,1,0,0,0,0,0,0,0,1
1,1082,86000,19.4,1422,70,5,12,11.362102575235644,0,0,0,0,0,0,0,0,1,0,1,0,0,0,1,0,0,0,1
1,4463,22500,18.9,1197,81.86,5,4,10.021270588192511,0,0,0,0,1,0,0,0,0,0,0,0,0,1,1,0,0,0,1
1,907,79324,21.1,1248,73.9,5,11,11.28129601000572,0,0,0,0,1,0,0,0,0,0,1,0,0,0,1,0,0,0,1
1,5753,60000,20.45,1461,83.8,5,7,11.002099841204238,0,0,0,0,0,1,0,0,0,0,1,0,0,0,1,0,0,0,0
1,4181,15134,21.4,1197,83.1,5,4,9.624699147254468,0,0,0,0,0,0,1,0,0,0,0,0,0,1,1,0,0,0,1
1,3471,45492,21.5,1498,108.5,5,5,10.725291765304336,0,0,0,0,1,0,0,0,0,0,1,0,0,0,0,0,0,0,0
1,578,33558,20.14,1498,88,5,3,10.421030564049644,0,0,1,0,0,0,0,0,0,0,1,0,0,0,1,0,0,0,0
1,525,80464,11,2987,198.5,5,12,11.295565158411744,0,0,0,0,0,0,1,0,0,0,1,0,0,0,0,0,1,0,0
1,4625,89401,21.43,1364,87.2,5,10,11.400887146781375,0,0,0,1,0,0,0,0,0,0,1,0,0,0,1,0,0,0,1
1,1924,27313,14.69,2993,258,5,4,10.215118058306537,0,0,1,0,0,0,0,0,0,0,1,0,0,0,0,0,0,0,0
1,4363,66000,11.1,2354,158.8,5,14,11.097410021008564,0,0,0,0,0,0,0,0,1,0,0,0,0,1,0,0,0,0,1
1,139,88578,13.5,1799,130,5,9,11.391638798762145,0,0,0,1,0,0,0,0,0,0,0,0,0,1,1,0,0,0,1
1,5847,27000,19.5,1968,141,5,6,10.203592144986468,0,0,0,0,0,0,0,0,1,0,1,0,0,0,0,0,0,0,1
1,5518,21110,17.44,1998,189.08,4,5,9.957502140842367,0,0,0,0,0,0,1,0,0,0,0,0,0,1,0,0,0,0,0
1,4278,109147,14,2498,112,8,11,11.600450876488134,0,0,0,0,0,0,1,0,0,0,1,0,0,0,1,0,0,0,1
1,1176,172050,19,1248,93,5,11,12.055540411225627,0,0,0,0,0,0,0,0,0,1,1,0,0,0,1,0,1,0,1
1,2685,39000,20,1399,68,5,11,10.571316925111784,0,1,0,0,0,0,0,0,0,0,1,0,0,0,1,0,0,0,1
1,5036,71300,13.06,1598,102.53,5,7,11.174651606402387,0,0,0,0,0,0,0,0,1,0,0,0,0,1,1,0,0,0,1
1,2251,46000,25.6,1498,98.6,5,4,10.736396675471232,0,0,0,0,1,0,0,0,0,0,1,0,0,0,1,0,0,0,1
1,470,25142,28.09,1248,88.5,5,4,10.132295033474776,0,0,1,0,0,0,0,0,0,0,1,0,0,0,1,0,0,0,1
1,3743,45000,15.74,1591,121.3,5,7,10.714417768752456,1,0,0,0,0,0,0,0,0,0,0,0,0,1,0,0,0,0,1
1,3560,37000,15.04,1598,103.6,5,10,10.518673191626359,0,1,0,0,0,0,0,0,0,0,0,0,0,1,1,0,0,0,0
1,4998,66000,20.14,1498,88,5,6,11.097410021008564,0,0,0,0,0,1,0,0,0,0,1,0,0,0,1,0,0,0,0
1,605,73000,16,2179,140,7,6,11.198214720130528,0,0,0,0,0,0,0,0,0,0,1,0,0,0,1,0,0,0,1
1,4319,54000,19.4,1198,86.8,5,9,10.896739325546413,0,0,0,0,0,0,0,0,1,0,0,0,0,1,1,0,0,0,1
1,1854,65668,19.87,1461,83.8,5,6,11.09236702341441,0,0,1,0,0,0,0,0,0,0,1,0,0,0,1,0,0,0,1
1,5771,85000,20.34,1498,103.2,5,6,11.350406535472453,0,0,0,0,1,0,0,0,0,0,1,0,0,0,1,0,0,0,0
1,457,86642,15.17,1968,181,5,5,11.369539965434294,0,0,1,0,0,0,0,0,0,0,1,0,0,0,0,0,0,0,0
1,2663,36000,22.7,1498,89.84,5,8,10.491274217438248,0,0,0,0,0,0,0,1,0,0,1,0,0,0,1,0,0,0,1
1,4217,75000,26,1498,98.6,5,7,11.225243392518447,0,0,0,0,0,0,0,0,0,0,1,0,0,0,1,0,0,0,1
1,527,60283,14.6,1368,112,5,8,11.006805419252558,0,0,1,0,0,0,0,0,0,0,0,0,0,1,1,0,0,0,1
1,2495,62004,14.67,1798,177.46,5,11,11.034954178075186,0,0,0,0,0,0,0,0,1,0,0,0,0,1,0,0,1,0,1
1,2106,110000,15.73,1968,174.33,5,6,11.608235644774554,0,0,0,0,0,0,0,0,0,1,1,0,0,0,0,0,0,0,0
1,5165,52000,18.6,1197,85.8,5,8,10.858998997563564,0,0,0,0,0,0,0,0,0,1,0,0,0,1,1,0,0,0,1
1,4469,156210,21.43,1364,87.2,5,11,11.958956534825056,0,0,0,0,1,0,0,0,0,0,1,0,0,0,1,0,0,0,1
1,3608,43827,13.22,2967,241.4,5,4,10.688005344800622,0,0,1,0,0,0,0,0,0,0,1,0,0,0,0,0,0,0,0
1,4330,55000,16,1198,90,5,11,10.915088464214607,0,0,0,0,0,0,0,0,1,0,0,0,0,1,1,0,0,0,1
1,1201,92000,14.8,1799,130.2,5,9,11.429543856031176,0,0,0,0,0,0,0,0,1,0,0,0,0,1,1,0,1,0,1
1,2375,65000,19,998,66.1,5,12,11.082142548877776,0,0,0,0,0,1,0,0,0,0,0,0,0,1,1,0,1,0,1
1,458,19235,21.76,1995,190,5,5,9.864486815186396,1,0,0,0,0,0,0,0,0,0,1,0,0,0,0,0,0,0,0
1,5049,27000,17.1,1956,170,5,4,10.203592144986468,0,0,0,0,0,0,0,1,0,0,1,0,0,0,1,0,0,0,0
1,3508,42320,19.4,1198,86.8,5,8,10.653015066532179,0,1,0,0,0,0,0,0,0,0,0,0,0,1,1,0,0,0,1
1,4168,85000,12.05,2179,120,8,10,11.350406535472453,0,0,0,1,0,0,0,0,0,0,1,0,0,0,1,0,0,0,1
1,4854,16329,19.27,2143,170,5,6,9.700697947102311,0,0,0,0,0,0,0,0,1,0,1,0,0,0,0,0,0,0,0
1,1618,128000,22.32,1582,126.32,5,9,11.759785542901756,0,1,0,0,0,0,0,0,0,0,1,0,0,0,1,0,0,0,1
1,4081,15200,16.95,1197,78.9,5,8,9.629050706834368,0,0,0,0,0,0,0,0,0,1,0,0,0,1,0,0,1,0,1
1,1657,61001,12.05,2179,120,8,11,11.0186455364637,0,0,0,1,0,0,0,0,0,0,1,0,0,0,1,0,0,0,1
1,5382,37000,12.7,2179,187.7,5,6,10.518673191626359,0,0,0,1,0,0,0,0,0,0,1,0,0,0,0,0,0,0,0
1,2823,480000,16.96,1968,138.03,5,6,13.081541382884073,0,1,0,0,0,0,0,0,0,0,1,0,0,0,0,0,0,0,0
1,3393,121000,16.4,1896,90,5,15,11.703545824578876,0,0,0,0,1,0,0,0,0,0,1,0,0,0,1,0,1,0,1
1,2197,75000,21.5,1248,88.8,5,10,11.225243392518447,0,0,0,1,0,0,0,0,0,0,1,0,0,0,1,0,0,0,1
1,1293,29631,18.9,1197,82,5,6,10.296576389576238,0,0,0,0,0,0,0,0,1,0,0,0,0,1,0,0,0,0,1
1,5629,118000,12.8,2494,102,8,11,11.6784399034478,0,0,0,0,1,0,0,0,0,0,1,0,0,0,1,0,0,0,1
1,1022,138000,17,1497,118,5,12,11.83500896413934,0,0,0,0,0,0,0,0,0,1,0,0,0,1,1,0,1,0,1
1,3715,58816,17.21,1493,100,7,7,10.982169205715358,0,0,0,0,0,0,1,0,0,0,1,0,0,0,1,0,0,0,1
1,1390,30000,18.88,1995,184,5,8,10.308952660644293,0,0,0,0,1,0,0,0,0,0,1,0,0,0,0,0,0,0,0
1,5277,30000,22.74,796,47.3,5,4,10.308952660644293,0,0,0,0,0,1,0,0,0,0,0,0,0,1,1,0,0,0,1
1,1513,56000,12.7,2179,187.7,5,7,10.933106969717288,1,0,0,0,0,0,0,0,0,0,1,0,0,0,0,0,0,0,0
1,195,52000,25.8,1498,98.6,5,7,10.858998997563564,0,0,0,0,0,0,0,1,0,0,1,0,0,0,1,0,0,0,1
1,4702,14223,18.6,1197,81.86,5,3,9.562615651570226,0,0,0,0,0,0,1,0,0,0,0,0,0,1,1,0,0,0,1
1,5410,60000,11.74,1796,186,5,10,11.002099841204238,0,1,0,0,0,0,0,0,0,0,0,0,0,1,0,0,0,0,0
1,5714,57000,16.95,1197,78.9,5,11,10.950806546816688,0,0,0,0,0,0,0,0,1,0,0,0,0,1,0,0,1,0,1
1,5671,20026,19,1199,88.7,5,3,9.904786708267748,0,0,1,0,0,0,0,0,0,0,0,0,0,1,0,0,0,0,1
1,5069,58134,16.47,1198,74,5,6,10.970505969613061,0,0,0,0,0,0,1,0,0,0,0,0,0,1,1,0,0,0,0
1,5315,76777,12.05,2179,120,8,9,11.248660395116255,0,0,0,1,0,0,0,0,0,0,1,0,0,0,1,0,1,0,1
1,1369,96578,22,1582,126.2,5,13,11.478106250991953,0,0,0,0,1,0,0,0,0,0,1,0,0,0,1,0,0,0,1
1,4657,55000,12,2987,224,7,6,10.915088464214607,0,0,0,1,0,0,0,0,0,0,1,0,0,0,0,0,0,0,0
1,3597,63210,24,1120,70,5,8,11.054217795466345,0,0,0,1,0,0,0,0,0,0,1,0,0,0,1,0,0,0,1
1,5116,80500,25,1396,69,5,6,11.296012463406653,0,0,0,0,1,0,0,0,0,0,1,0,0,0,1,0,0,0,1
1,5262,5400,23.84,1199,84,5,5,8.594154232552366,0,1,0,0,0,0,0,0,0,0,0,0,0,1,1,0,0,0,1
1,1323,20000,15.1,1196,73,5,3,9.903487552536127,0,0,0,0,0,0,0,0,1,0,0,0,0,0,1,0,0,0,1
1,5299,38995,19.3,1248,73.9,5,8,10.571188711764599,0,0,1,0,0,0,0,0,0,0,1,0,0,0,1,0,0,0,1
1,4683,42876,19.08,1582,126.2,5,5,10.66606750781141,0,0,0,0,0,0,1,0,0,0,1,0,0,0,0,0,0,0,1
1,5028,32000,17.8,1497,117.3,5,6,10.373491181781864,0,0,0,0,0,0,0,1,0,0,0,0,0,1,1,0,0,0,1
1,5786,52000,19.1,1197,81.86,5,7,10.858998997563564,0,0,0,1,0,0,0,0,0,0,0,0,0,1,1,0,0,0,1
1,2637,13916,18.9,1197,81.86,5,2,9.540794536271832,0,0,1,0,0,0,0,0,0,0,0,0,0,1,1,0,0,0,1
1,3711,91000,26.59,1248,74,5,5,11.418614785498988,0,1,0,0,0,0,0,0,0,0,1,0,0,0,1,0,0,0,1
1,4144,52000,25,1396,69.01,5,5,10.858998997563564,0,0,0,0,0,0,0,0,0,1,1,0,0,0,1,0,1,0,1
1,374,38000,17.9,2143,136,5,6,10.545341438708524,0,1,0,0,0,0,0,0,0,0,1,0,0,0,0,0,0,0,0
1,2374,65423,20.36,1197,78.9,5,10,11.088629157576873,0,0,0,0,0,0,1,0,0,0,0,0,0,1,1,0,0,0,1
1,1178,86925,11.2,2400,215,5,7,11.372800956876063,0,0,0,0,0,0,1,0,0,0,1,0,0,0,0,0,0,0,0
1,5392,98000,18.56,1995,190,5,8,11.492722757652713,0,0,0,0,0,0,0,0,0,1,1,0,0,0,0,0,0,0,0
1,3458,142000,19.01,1461,108.45,5,7,11.8635823365834,0,0,0,0,0,0,0,0,0,1,1,0,0,0,1,0,1,0,1
1,2326,58239,14.62,1999,149.92,5,6,10.972310512393486,0,0,1,0,0,0,0,0,0,0,0,0,0,1,0,0,0,0,1
1,2678,15466,22.5,998,67.04,5,10,9.64639934516898,0,0,0,0,0,0,1,0,0,0,0,0,0,1,1,0,0,0,1
1,2434,42000,19.1,1197,81.86,5,7,10.645424897265503,0,0,0,0,0,0,0,1,0,0,0,0,0,1,1,0,0,0,1
1,3510,27000,13,1591,121.3,5,5,10.203592144986468,0,0,0,0,0,0,0,0,1,0,0,0,0,1,0,0,0,0,1
1,1923,78526,23,1498,98.96,5,4,11.271185059123594,0,0,0,0,0,0,1,0,0,0,1,0,0,0,1,0,0,0,1
1,5919,8000,12.5,5000,488.1,2,6,8.987196820661973,0,0,0,0,1,0,0,0,0,0,0,0,0,1,0,0,0,0,0
1,194,60006,12.8,1493,100,5,14,11.002199836204571,0,0,0,0,0,0,0,0,0,0,0,0,0,1,1,0,0,0,1
1,2415,66355,18,1198,86.7,5,7,11.10277439487135,0,0,0,0,0,0,1,0,0,0,0,0,0,1,1,0,0,0,1
1,108,65000,16,2179,140,7,9,11.082142548877776,0,0,0,1,0,0,0,0,0,0,1,0,0,0,1,0,1,0,1
1,175,21000,14.4,1598,103.6,5,8,9.952277716705561,0,0,0,0,0,0,0,0,1,0,0,0,0,1,0,0,1,0,0
1,5405,58000,12.07,2967,241.4,7,7,10.968198289528555,0,0,0,1,0,0,0,0,0,0,1,0,0,0,0,0,0,0,0
1,4884,25000,18.9,1197,82,5,6,10.126631103850338,0,1,0,0,0,0,0,0,0,0,0,0,0,1,1,0,0,0,1
1,1638,34429,24,1120,70,5,4,10.44665451147278,0,0,0,0,0,0,1,0,0,0,1,0,0,0,1,0,0,0,1
1,1391,70707,22.32,1582,126.32,5,9,11.166299856884498,0,0,0,1,0,0,0,0,0,0,1,0,0,0,1,0,0,0,1
1,2638,90400,26.2,998,58.2,5,9,11.411999546380267,0,0,0,0,0,0,0,0,0,1,0,0,0,0,1,0,0,0,1
1,2180,50000,19.01,1461,108.5,5,7,10.819778284410283,0,0,0,0,0,0,0,0,1,0,1,0,0,0,1,0,0,0,0
1,5301,72000,17.05,1995,184,5,10,11.184421397998193,0,0,0,1,0,0,0,0,0,0,1,0,0,0,0,0,0,0,0
1,5858,36967,20.92,998,67.1,5,7,10.517780901762249,0,0,0,0,0,0,1,0,0,0,0,0,0,1,1,0,0,0,1
1,3079,29000,10.91,3198,197,7,5,10.275051108968613,0,0,0,0,0,0,0,0,1,0,1,0,0,0,0,0,0,0,1
1,3411,38000,22.74,796,47.3,5,4,10.545341438708524,0,0,0,0,0,0,0,0,0,1,0,0,0,1,1,0,0,0,1
1,1191,53702,23.59,1364,67.04,5,5,10.891205523751276,0,0,1,0,0,0,0,0,0,0,1,0,0,0,1,0,0,0,1
1,3770,85000,11,2987,198.5,5,12,11.350406535472453,0,0,0,0,1,0,0,0,0,0,1,0,0,0,0,0,0,0,0
1,483,47198,12.55,2982,168.5,7,4,10.762106797794537,0,0,1,0,0,0,0,0,0,0,1,0,0,0,1,0,0,0,1
1,3254,8896,19,1194,94.68,5,3,9.093357016490362,0,0,0,0,0,0,0,1,0,0,0,0,0,1,1,0,0,0,1
1,4620,63067,15.5,1586,103.3,5,11,11.051952932330101,0,0,0,0,0,0,0,0,0,1,0,0,0,1,1,0,1,0,1
1,5970,17773,13.7,1991,183,5,3,9.785435730759993,0,0,0,0,0,0,1,0,0,0,0,0,0,1,0,0,0,0,0
1,1658,52191,17.1,1591,121.3,5,6,10.86266534521266,0,0,1,0,0,0,0,0,0,0,0,0,0,1,1,0,0,0,1
1,317,65000,18.9,998,67.1,5,9,11.082142548877776,0,0,0,1,0,0,0,0,0,0,0,0,0,1,1,0,0,0,1
1,1703,65000,12.55,2982,168.5,7,8,11.082142548877776,0,0,0,1,0,0,0,0,0,0,1,0,0,0,0,0,0,0,1
1,516,75000,11.7,2993,245,5,10,11.225243392518447,0,0,0,0,1,0,0,0,0,0,1,0,0,0,0,0,0,0,0
1,167,66123,20,1399,68,5,11,11.099271922956495,0,0,0,0,0,1,0,0,0,0,1,0,0,0,1,0,1,0,1
1,2283,62691,26.21,1248,88.5,5,4,11.045973175648207,0,0,0,0,0,1,0,0,0,0,1,0,0,0,1,0,0,0,1
1,5741,85000,17.68,1968,174.33,5,8,11.350406535472453,0,0,0,0,0,0,0,0,0,1,1,0,0,0,0,0,0,0,0
1,3012,52000,28.4,1248,74,5,5,10.858998997563564,0,0,0,0,1,0,0,0,0,0,1,0,0,0,1,0,0,0,1
1,1049,67635,17,1497,118,5,9,11.121880879523294,0,0,0,0,1,0,0,0,0,0,0,0,0,1,1,0,0,0,1
1,1250,16900,20.36,1197,78.9,5,6,9.735068900911164,0,0,0,0,0,0,1,0,0,0,0,0,0,1,1,0,0,0,1
1,6009,33500,19.16,2494,158.2,5,6,10.419300717813158,0,0,0,0,0,0,0,0,1,0,0,0,0,1,0,0,0,0,1
1,3633,76467,18.12,1995,190,5,5,11.244614554197703,0,0,1,0,0,0,0,0,0,0,1,0,0,0,0,0,0,0,0
1,1146,40448,15.96,2523,62.1,7,5,10.60777247750653,0,0,0,0,0,0,0,0,1,0,1,0,0,0,1,0,0,0,1
1,5500,90000,14,2179,138.1,7,7,11.407564949312404,0,0,0,0,1,0,0,0,0,0,1,0,0,0,1,0,0,0,1
1,103,30000,14.94,2967,241.4,5,11,10.308952660644293,0,0,0,0,0,0,0,1,0,0,1,0,0,0,0,0,0,0,0
1,5407,39010,23.08,1461,63.1,5,10,10.571573302500703,0,0,0,0,0,0,0,1,0,0,1,0,0,0,1,0,0,0,0
1,5465,35362,22.5,998,67.04,5,4,10.473393076238034,0,0,0,0,0,1,0,0,0,0,0,0,0,1,1,0,0,0,1
1,3155,65000,19.7,796,35,8,9,11.082142548877776,0,0,0,0,0,1,0,0,0,0,0,0,0,1,1,0,0,0,1
1,5728,43600,10.93,3498,272,5,12,10.682812429337128,0,0,0,0,0,0,0,1,0,0,0,0,0,1,0,0,0,0,0
1,2793,48986,10.5,2835,107.2,6,8,10.799289821982946,0,0,0,0,0,0,1,0,0,0,1,0,0,0,1,0,0,0,1
1,2329,63000,20.14,1498,88.8,5,6,11.05089000537367,0,0,0,0,0,1,0,0,0,0,1,0,0,0,1,0,0,0,0
1,3992,49000,19.3,1968,141,5,5,10.799575577092764,0,0,0,1,0,0,0,0,0,0,1,0,0,0,0,0,0,0,1
1,1796,19030,16.47,1198,73.9,5,9,9.853771960290194,0,0,0,0,0,0,0,0,0,1,0,0,0,1,1,0,0,0,0
1,5367,31423,17,1497,118,5,12,10.355295387837245,0,0,0,0,0,0,0,1,0,0,0,0,0,1,1,0,0,0,1
1,5428,29907,16,2179,140,7,3,10.305847845690813,0,0,0,0,0,0,1,0,0,0,1,0,0,0,1,0,0,0,1
1,5022,46000,12.39,2179,115,5,8,10.736396675471232,0,0,0,0,1,0,0,0,0,0,1,0,0,0,0,0,1,0,0
1,3739,63000,16.47,1198,74,5,8,11.05089000537367,0,0,0,1,0,0,0,0,0,0,0,0,0,1,1,0,0,0,0
1,2043,40000,20.4,1197,81.8,5,6,10.596634733096073,0,0,0,0,0,0,0,0,0,0,0,0,0,1,1,0,0,0,1
1,4382,26000,15.8,2148,170,5,6,10.16585181700362,0,1,0,0,0,0,0,0,0,0,1,0,0,0,1,0,0,0,0
1,1700,108242,16.8,1493,110,5,10,11.592124740131464,0,1,0,0,0,0,0,0,0,0,1,0,0,0,1,0,0,0,1
1,153,54620,21.66,1498,103.52,5,5,10.908155395027695,0,0,1,0,0,0,0,0,0,0,1,0,0,0,0,0,0,0,1
1,2701,70536,31.79,998,58.33,5,5,11.163878496766863,0,0,0,0,0,0,1,0,0,0,0,0,0,0,1,0,0,0,1
1,3539,65280,19.87,1461,83.14,5,8,11.086440989637987,0,0,0,0,1,0,0,0,0,0,1,0,0,0,1,0,0,0,0
1,1623,68000,16,1086,66.7,5,13,11.127262984158245,0,0,0,0,0,0,0,0,0,1,0,0,0,1,1,0,1,0,1
1,1909,48272,10.5,2835,116.9,6,8,10.784606961398842,0,0,0,0,0,0,1,0,0,0,1,0,0,0,1,0,0,0,1
1,5638,39854,18,1198,86.7,5,5,10.59297805559253,0,0,0,0,0,0,1,0,0,0,0,0,0,1,1,0,0,0,1
1,2914,52100,21.43,1364,86.79,5,9,10.860920227741456,0,0,0,0,0,0,0,0,0,0,1,0,0,0,1,0,0,0,1
1,740,24941,21.9,624,37.48,4,5,10.12426831466115,0,0,1,0,0,0,0,0,0,0,0,0,0,1,0,0,0,0,1
1,4092,83500,19.68,1399,67,5,7,11.332601910838944,0,1,0,0,0,0,0,0,0,0,1,0,0,0,1,0,1,0,1
1,1540,68000,15.29,1591,121.3,5,5,11.127262984158245,0,0,0,1,0,0,0,0,0,0,0,0,0,1,1,0,0,0,1
1,5029,29875,18.16,1196,86.8,5,5,10.304777289233812,0,1,0,0,0,0,0,0,0,0,0,0,0,1,1,0,0,0,1
1,3908,50436,20.36,1197,78.9,5,10,10.828460484793117,0,0,1,0,0,0,0,0,0,0,0,0,0,1,1,0,0,0,1
1,4000,37000,20,1399,68.05,5,10,10.518673191626359,0,0,0,0,0,0,0,1,0,0,1,0,0,0,1,0,0,0,1
1,2084,45200,16.55,1968,147.51,5,8,10.718852365820325,0,0,0,0,0,0,0,0,1,0,1,0,0,0,0,0,0,0,0
1,5797,29000,20.36,1197,78.9,5,9,10.275051108968613,0,0,0,0,0,0,0,1,0,0,0,0,0,1,1,0,0,0,1
1,5082,31000,10.9,2497,215,5,10,10.341742483467284,0,0,0,1,0,0,0,0,0,0,0,0,0,1,0,0,0,0,0
1,5108,72000,20.5,1598,103.5,5,9,11.184421397998193,1,0,0,0,0,0,0,0,0,0,1,0,0,0,1,0,0,0,1
1,31,87615,14.53,1798,138.1,5,9,11.38070749514252,0,0,0,1,0,0,0,0,0,0,0,0,0,1,1,0,0,0,1
1,1254,50000,19.4,1198,86.8,5,9,10.819778284410283,0,0,0,0,0,0,0,0,0,0,0,0,0,1,1,0,0,0,1
1,958,48163,19.1,1197,82,5,5,10.782346370401418,0,0,0,0,0,0,1,0,0,0,0,0,0,1,1,0,0,0,1
1,1870,60000,11.5,2982,171,7,10,11.002099841204238,0,0,0,1,0,0,0,0,0,0,1,0,0,0,1,0,0,0,1
1,3267,58000,25.8,1498,98.6,5,6,10.968198289528555,0,0,0,1,0,0,0,0,0,0,1,0,0,0,1,0,0,0,1
1,5595,40714,18.12,1995,190,5,8,10.614327292626992,0,0,0,0,0,1,0,0,0,0,1,0,0,0,0,0,1,0,0
1,769,73000,25,1396,69,5,5,11.198214720130528,0,0,0,0,1,0,0,0,0,0,1,0,0,0,1,0,0,0,1
1,4310,86500,21.12,1248,88.8,5,10,11.36789969291997,0,0,0,0,0,1,0,0,0,0,1,0,0,0,1,0,1,0,1
1,314,91931,18.5,1198,86.8,5,9,11.428793574640473,0,0,0,0,0,0,1,0,0,0,0,0,0,1,1,0,0,0,1
1,4864,32257,24.4,1120,71,5,4,10.381490352934616,0,0,0,0,0,0,1,0,0,0,1,0,0,0,1,0,0,0,1
1,3386,58002,19.64,1461,108.45,5,7,10.96823277169266,0,0,0,0,0,0,0,0,1,0,1,0,0,0,1,0,0,0,1
1,511,80227,17.92,1086,62.1,5,12,11.29261539555201,0,0,0,0,1,0,0,0,0,0,0,0,0,1,1,0,0,0,1
1,5388,65000,22.7,1582,126.2,5,6,11.082142548877776,0,0,0,0,0,0,0,0,0,0,1,0,0,0,1,0,0,0,1
1,4759,80000,10.1,2354,152,5,15,11.289781913656018,0,0,0,0,0,1,0,0,0,0,0,0,0,1,0,0,0,1,1
1,4090,62542,23.9,1582,126.2,5,6,11.043593610033595,0,0,0,1,0,0,0,0,0,0,1,0,0,0,1,0,1,0,1
1,2543,58000,13.2,1995,170,5,8,10.968198289528555,0,0,0,0,1,0,0,0,0,0,1,0,0,0,0,0,0,0,0
1,2955,40000,20.77,1248,88.8,7,9,10.596634733096073,0,1,0,0,0,0,0,0,0,0,1,0,0,0,1,0,0,0,1
1,2578,37000,20.36,1197,78.9,5,10,10.518673191626359,0,0,0,0,0,0,0,1,0,0,0,0,0,1,1,0,0,0,1
1,503,25000,12.55,2982,168.5,7,4,10.126631103850338,0,0,0,1,0,0,0,0,0,0,1,0,0,0,0,0,0,0,1
1,1438,42575,18.6,1197,81.83,5,6,10.659022505530887,0,0,0,0,0,0,0,0,1,0,0,0,0,1,1,0,0,0,1
1,4723,92250,22.7,1498,89.84,5,8,11.432257561902773,0,0,0,0,0,1,0,0,0,0,1,0,0,0,1,0,1,0,1
1,208,42001,16.1,1493,93.7,5,11,10.645448706505872,0,0,0,0,0,0,0,1,0,0,0,0,0,1,1,0,0,0,1
1,4070,48161,15,2143,107.3,5,4,10.782304843886733,0,0,1,0,0,0,0,0,0,0,1,0,0,0,0,0,0,0,0
1,1469,100073,25,1396,69,5,6,11.513655198649829,0,1,0,0,0,0,0,0,0,0,1,0,0,0,1,0,1,0,1
1,1162,54897,26.59,1248,74,5,5,10.913213981195797,0,0,0,0,0,1,0,0,0,0,1,0,0,0,0,0,0,0,1
1,3730,58970,17.11,1968,174.33,5,6,10.98478411899455,1,0,0,0,0,0,0,0,0,0,1,0,0,0,0,0,0,0,0
1,888,47000,21.64,1461,84.8,5,8,10.757902880692196,0,0,0,0,0,0,0,0,1,0,1,0,0,0,1,0,0,0,0
1,715,38998,16.07,1995,181,4,8,10.571265641745534,0,0,0,0,0,0,0,1,0,0,1,0,0,0,0,0,0,0,0
1,5384,36000,17.57,1193,88.7,5,7,10.491274217438248,0,0,0,0,0,0,0,0,1,0,0,0,0,1,1,0,0,0,1
1,310,29000,17.9,2143,201.15,5,4,10.275051108968613,0,0,0,0,1,0,0,0,0,0,1,0,0,0,0,0,0,0,0
1,1899,42000,17,1197,80,5,6,10.645424897265503,0,0,0,1,0,0,0,0,0,0,0,0,0,1,1,0,0,0,1
1,5127,44000,19.15,1198,75.94,5,10,10.691944912900398,0,0,0,0,0,0,0,1,0,0,0,0,0,1,0,0,0,0,0
1,4421,12000,14.53,1798,138,5,6,9.392661928770137,0,0,0,1,0,0,0,0,0,0,0,0,0,1,1,0,0,0,1
1,2039,70600,20.36,1197,78.9,5,11,11.164785423481334,0,0,0,0,1,0,0,0,0,0,0,0,0,1,1,0,0,0,1
1,1219,46125,12,2354,187.4,5,8,10.739110381342828,0,0,0,0,0,0,0,1,0,0,0,0,0,1,0,0,1,0,1
1,5683,58000,15.8,1499,110,5,8,10.968198289528555,1,0,0,0,0,0,0,0,0,0,0,0,0,1,1,0,0,0,1
1,2820,22100,19.4,1198,86.8,5,7,10.003332887505843,0,0,0,0,0,0,0,0,1,0,0,0,0,1,1,0,0,0,1
1,1572,32000,22.32,1582,126.3,5,7,10.373491181781864,0,0,0,0,0,0,0,1,0,0,1,0,0,0,1,0,0,0,1
1,1088,29000,14.74,2993,270.9,5,9,10.275051108968613,0,0,0,0,0,0,0,1,0,0,1,0,0,0,0,0,0,0,0
1,863,72000,20.34,1498,103.2,5,7,11.184421397998193,0,0,0,0,0,1,0,0,0,0,1,0,0,0,1,0,0,0,0
1,2038,60000,21.1,814,55.2,5,9,11.002099841204238,0,0,0,0,0,0,0,1,0,0,0,0,0,1,1,0,0,0,1
1,4922,17000,15.2,1968,140.8,5,13,9.740968623038354,0,0,0,0,0,0,0,1,0,0,1,0,0,0,0,0,0,0,0
1,3792,30000,21.1,814,55.2,5,5,10.308952660644293,0,0,0,0,1,0,0,0,0,0,0,0,0,1,1,0,0,0,1
1,2509,11000,16.1,1950,194,5,3,9.305650551780507,0,0,0,0,0,0,0,0,1,0,1,0,0,0,0,0,0,0,0
1,3334,84000,23.59,1364,67.04,5,8,11.338572077825448,0,0,0,1,0,0,0,0,0,0,1,0,0,0,1,0,0,0,1
1,1576,42277,24,1186,73.97,5,7,10.651998481932177,0,0,0,0,0,0,0,1,0,0,1,0,0,0,1,0,0,0,1
1,214,8500,20.51,998,67,5,5,9.047821442478408,0,0,0,0,0,0,0,0,1,0,0,0,0,1,0,0,0,0,1
1,1371,65900,22.32,1582,126.32,5,9,11.095893720490599,0,0,0,0,0,1,0,0,0,0,1,0,0,0,1,0,0,0,1
1,1135,76000,26.3,998,67.1,5,10,11.238488619268468,0,0,0,0,0,0,0,0,0,0,0,0,0,0,1,0,0,0,1
1,2008,67000,13.68,2393,147.8,7,4,11.112447898373103,0,0,0,0,1,0,0,0,0,0,1,0,0,0,1,0,0,0,1
1,4397,47774,18.9,1197,82,5,4,10.774236837439904,0,0,1,0,0,0,0,0,0,0,0,0,0,1,1,0,0,0,1
1,4685,20488,16.09,1598,103.5,5,3,9.927594627879364,0,0,0,0,0,0,1,0,0,0,0,0,0,1,1,0,1,0,0
1,692,35000,20.36,1197,78.9,5,10,10.46310334047155,0,0,0,0,0,0,0,0,1,0,0,0,0,1,1,0,0,0,1
1,2298,85000,16.55,1968,147.51,5,10,11.350406535472453,0,0,0,0,1,0,0,0,0,0,1,0,0,0,0,0,0,0,0
1,5250,38000,13.9,1599,103.2,5,13,10.545341438708524,1,0,0,0,0,0,0,0,0,0,0,0,0,1,1,0,1,0,1
1,4250,48233,13.4,1794,125,5,13,10.783798713077552,0,0,0,0,0,0,0,0,1,0,0,0,0,1,1,0,1,0,1
1,4475,52000,17.1,1591,121.3,5,8,10.858998997563564,0,0,0,1,0,0,0,0,0,0,0,0,0,1,1,0,0,0,1
1,575,83072,17,1086,62.1,5,15,11.327462980623707,0,1,0,0,0,0,0,0,0,0,0,0,0,1,1,0,0,0,1
1,5863,48600,12,2987,224,7,6,10.791378809888585,0,0,0,0,0,0,0,0,1,0,1,0,0,0,0,0,0,0,0
1,4842,7000,16.47,1198,74,5,7,8.853665428037448,0,0,0,0,0,0,0,0,1,0,0,0,0,1,1,0,0,0,0
1,1570,29813,14.74,1991,181.03,5,10,10.302699818978525,0,0,0,0,0,0,1,0,0,0,0,0,0,1,0,0,1,0,0
1,4598,45000,25.2,1248,74,5,6,10.714417768752456,0,0,0,0,0,0,0,1,0,0,1,0,0,0,1,0,0,0,1
1,693,22732,18.1,3498,306,2,5,10.031528902417012,0,0,1,0,0,0,0,0,0,0,0,0,0,1,0,0,0,0,0
1,5826,65792,26,1498,98.6,5,4,11.094253529374782,0,0,1,0,0,0,0,0,0,0,1,0,0,0,1,0,0,0,1
1,182,51000,22.48,1995,190,5,7,10.839580911706461,0,0,0,0,1,0,0,0,0,0,1,0,0,0,0,0,0,0,0
1,5916,50000,13.2,1495,94,5,16,10.819778284410283,0,0,0,0,0,0,0,1,0,0,0,0,0,1,1,0,0,0,1
1,5862,67000,16.78,1496,88.73,5,8,11.112447898373103,0,0,0,0,0,1,0,0,0,0,0,0,0,1,1,0,1,0,1
1,4379,58000,16.55,1968,140,5,10,10.968198289528555,0,0,0,1,0,0,0,0,0,0,1,0,0,0,0,0,0,0,0
1,5121,58000,18.5,1197,80,5,11,10.968198289528555,0,0,0,0,0,0,0,0,1,0,0,0,0,1,1,0,1,0,1
1,283,48000,17,1896,105,5,12,10.778956289890028,0,0,0,0,0,0,0,0,1,0,1,0,0,0,0,0,1,0,1
1,639,7000,20.89,1197,81.8,5,4,8.853665428037448,0,0,0,0,0,0,0,0,1,0,0,0,0,1,1,0,0,0,1
1,3839,117236,11.8,2720,190,7,9,11.671944276194349,0,0,0,0,0,0,0,0,0,1,1,0,0,0,0,0,1,0,0
1,1233,36884,13,2143,204,5,4,10.515533131659033,0,0,0,0,0,0,1,0,0,0,1,0,0,0,0,0,0,0,0
1,4445,97000,12.55,2982,169,7,7,11.482466257485518,0,0,0,0,0,0,0,0,1,0,1,0,0,0,1,0,0,0,1
1,438,55100,18.9,998,67.1,5,14,10.916904995141008,0,0,0,0,0,0,0,0,0,0,0,0,0,1,1,0,0,0,1
1,5145,143000,14.2,1341,82.9,5,14,11.870599909242046,0,0,0,0,0,0,0,0,0,1,0,0,0,1,1,0,1,0,1
1,294,58006,15,1896,105,5,9,10.968301732454014,0,0,1,0,0,0,0,0,0,0,1,0,0,0,1,0,0,0,0
1,1908,49000,16.73,2495,218,5,9,10.799575577092764,0,0,0,1,0,0,0,0,0,0,1,0,0,0,0,0,1,0,0
1,1052,49000,19.27,2143,170,5,11,10.799575577092764,0,0,0,0,0,0,0,0,1,0,1,0,0,0,0,0,0,0,0
1,2078,105000,16.55,1968,140,5,10,11.561715629139659,0,0,0,0,0,1,0,0,0,0,1,0,0,0,0,0,1,0,0
1,545,77652,12.6,1586,103.2,5,12,11.259992584845266,0,0,0,0,0,0,0,0,1,0,0,0,0,1,0,0,0,0,1
1,1597,135000,17.8,1248,75,5,11,11.813030057420569,0,0,0,0,0,0,0,0,0,1,1,0,0,0,1,0,0,0,1
1,4512,59350,19.1,1197,85.8,5,8,10.991207400037815,0,0,0,0,0,0,1,0,0,0,0,0,0,1,1,0,0,0,1
1,1016,80000,15.1,2179,140,7,7,11.289781913656018,0,1,0,0,0,0,0,0,0,0,1,0,0,0,1,0,0,0,1
1,3871,75000,23.4,1248,74,5,5,11.225243392518447,0,1,0,0,0,0,0,0,0,0,1,0,0,0,1,0,0,0,1
1,4209,27279,17.4,1497,117.3,5,4,10.213872454394023,0,0,1,0,0,0,0,0,0,0,0,0,0,1,1,0,0,0,1
1,4235,80000,18.9,998,67.1,5,10,11.289781913656018,0,0,0,0,0,1,0,0,0,0,0,0,0,1,1,0,0,0,1
1,5171,65850,25.1,1498,98.6,5,4,11.095134707171429,0,0,0,0,0,0,1,0,0,0,1,0,0,0,1,0,0,0,1
1,275,31025,28.4,1248,74,5,3,10.342548610072807,0,0,0,0,1,0,0,0,0,0,1,0,0,0,1,0,0,0,1
1,2133,92000,13.6,2523,63,7,14,11.429543856031176,0,0,0,0,0,0,0,0,0,1,1,0,0,0,1,0,0,0,1
1,5239,72000,14.16,1968,174.3,5,8,11.184421397998193,0,0,0,0,1,0,0,0,0,0,1,0,0,0,0,0,0,0,0
1,3816,112719,12.4,2698,179.5,5,10,11.63265327499311,0,0,0,0,0,0,0,0,0,1,1,0,0,0,0,0,0,0,0
1,4669,50000,16.77,2967,241.38,5,13,10.819778284410283,0,0,0,0,0,0,0,0,0,0,1,0,0,0,0,0,1,0,0
1,111,38053,15.1,1196,73,5,4,10.546735203808645,0,0,1,0,0,0,0,0,0,0,0,0,0,1,1,0,0,0,1
1,1423,21000,19,1199,88.7,5,5,9.952277716705561,0,0,0,0,0,0,0,0,0,1,0,0,0,1,0,0,0,0,1
1,223,107000,21.03,1461,65,5,8,11.580584113444045,0,0,0,0,1,0,0,0,0,0,1,0,0,0,1,0,0,0,1
1,3186,62788,18.9,1197,81.86,5,4,11.047519251395096,0,0,1,0,0,0,0,0,0,0,0,0,0,1,1,0,0,0,1
1,83,70337,20,1399,68,5,9,11.161053255132654,0,0,0,0,1,0,0,0,0,0,1,0,0,0,1,0,0,0,1
1,3390,29500,15.97,2993,258,7,6,10.292145542327912,0,0,0,0,0,0,0,0,1,0,1,0,0,0,0,0,0,0,0
1,468,46000,17.92,1086,62.1,5,13,10.736396675471232,1,0,0,0,0,0,0,0,0,0,0,0,0,1,1,0,1,0,1
1,5285,17000,23.1,998,67.04,5,4,9.740968623038354,0,0,0,0,1,0,0,0,0,0,0,0,0,1,1,0,0,0,1
1,561,35000,19.2,1461,65,5,14,10.46310334047155,0,1,0,0,0,0,0,0,0,0,1,0,0,0,1,0,0,0,1
1,5052,42000,27.62,793,47,5,6,10.645424897265503,0,0,0,0,0,0,0,0,0,0,1,0,0,0,1,0,0,0,1
1,3616,40000,20.77,1248,88.8,7,6,10.596634733096073,0,1,0,0,0,0,0,0,0,0,1,0,0,0,1,0,0,0,1
1,2732,83000,23.4,1248,74,5,9,11.326595886778733,0,0,0,0,0,1,0,0,0,0,1,0,0,0,1,0,0,0,1
1,2846,73783,13.7,1798,157.75,5,10,11.208883631749874,0,0,0,0,0,0,1,0,0,0,0,0,0,1,0,0,1,0,1
1,2576,91586,11.18,2696,184,7,7,11.425033700553293,0,0,0,0,0,0,1,0,0,0,1,0,0,0,0,0,1,0,1
1,663,78600,12.8,2494,102,7,9,11.272126978417294,0,0,0,1,0,0,0,0,0,0,1,0,0,0,1,0,0,0,1
1,723,100000,18.88,1995,184,5,6,11.512925464970227,0,0,0,0,0,0,0,0,0,0,1,0,0,0,0,0,0,0,0
1,5174,4000,24.7,796,47.3,5,5,8.294049640102028,0,0,0,0,0,0,0,1,0,0,0,0,0,1,1,0,0,0,1
1,2385,17000,13.45,1086,62.1,5,10,9.740968623038354,0,0,0,0,1,0,0,0,0,0,0,0,1,0,1,0,0,0,1
1,5417,57000,19.01,1461,108.45,5,8,10.950806546816688,0,0,0,0,0,0,0,1,0,0,1,0,0,0,1,0,0,0,1
1,1458,4700,25.4,624,37.48,4,8,8.455317787698151,0,0,0,0,0,0,0,0,0,1,0,0,0,1,1,0,0,0,1
1,1245,17585,19.16,2494,157.7,5,3,9.774801544908083,0,0,0,0,0,0,0,0,0,1,0,0,0,1,0,0,0,0,1
1,5716,95150,17.3,993,60,5,23,11.463209872724295,0,0,0,0,0,1,0,0,0,0,0,0,0,1,1,0,0,1,1
1,1975,282000,13.14,1798,160,5,9,12.549662349920249,0,0,0,0,0,0,0,0,0,1,0,0,0,1,1,0,0,0,1
1,2703,89869,12.7,2609,116.6,8,15,11.406108333406804,0,0,0,0,0,0,0,0,1,0,1,0,0,0,1,0,0,0,1
1,5873,47200,17,1086,62.1,5,15,10.762149171573649,0,0,0,0,0,0,0,0,0,1,0,0,0,1,1,0,1,0,1
1,319,138000,17.1,1396,70,5,13,11.83500896413934,0,0,0,0,0,0,0,0,0,1,1,0,0,0,1,0,1,0,1
1,3364,51000,20.36,1197,78.9,5,7,10.839580911706461,0,0,0,0,0,0,0,0,0,0,0,0,0,1,1,0,0,0,1
1,1461,45000,17.32,1968,184,5,5,10.714417768752456,0,0,0,0,0,0,0,0,0,0,1,0,0,0,0,0,0,0,0
1,2621,89326,17.8,1399,68,5,15,11.400047877903113,0,1,0,0,0,0,0,0,0,0,1,0,0,0,1,0,0,1,1
1,2904,75000,11,2987,198.5,5,14,11.225243392518447,0,1,0,0,0,0,0,0,0,0,1,0,0,0,0,0,0,0,0
1,2797,58671,17.01,1582,126.2,5,5,10.97970084626076,0,0,1,0,0,0,0,0,0,0,1,0,0,0,0,0,0,0,1
1,5903,15234,19.12,1373,91.1,5,4,9.631285050932734,0,0,0,0,1,0,0,0,0,0,0,0,0,1,0,0,0,0,1
1,4425,130000,13.1,2499,141,7,14,11.77528972943772,0,0,0,0,1,0,0,0,0,0,1,0,0,0,1,0,0,0,1
1,6005,37208,24.3,1248,88.5,5,5,10.524279070903932,0,0,0,0,0,0,0,0,0,1,1,0,0,0,1,0,0,0,1
1,6017,46000,18.9,998,67.1,5,8,10.736396675471232,0,0,0,0,0,0,0,1,0,0,0,0,0,1,1,0,0,0,1
1,2498,61700,14.8,1799,130.2,5,11,11.030039209893479,0,0,0,0,0,0,0,0,0,1,0,0,0,1,1,0,0,0,1
1,697,64798,13.68,2393,147.8,7,4,11.079030017666526,1,0,0,0,0,0,0,0,0,0,1,0,0,0,1,0,0,0,1
1,4405,97320,14.4,1598,103.6,5,10,11.485759796897456,0,1,0,0,0,0,0,0,0,0,0,0,0,1,0,0,0,0,0
1,4792,242000,11.5,2982,171,7,11,12.396693005138824,0,1,0,0,0,0,0,0,0,0,1,0,0,0,1,0,0,0,1
1,2690,55000,11.8,2967,246.7,5,12,10.915088464214607,1,0,0,0,0,0,0,0,0,0,1,0,0,0,0,0,0,0,0
1,4476,58000,11.72,2199,194.3,7,7,10.968198289528555,1,0,0,0,0,0,0,0,0,0,1,0,0,0,0,0,0,0,1
1,331,28503,19,1199,88.7,5,5,10.25776462387486,0,0,0,0,0,0,1,0,0,0,0,0,0,1,0,0,0,0,1
1,5025,65000,26,1498,98.6,5,6,11.082142548877776,0,0,0,1,0,0,0,0,0,0,1,0,0,0,1,0,0,0,1
1,3649,300000,17,1405,70,5,13,12.61153775363834,0,0,0,0,0,1,0,0,0,0,1,0,0,0,1,0,0,0,1
1,5196,41000,18.6,1197,81.83,5,6,10.621327345686446,0,0,0,0,0,0,0,1,0,0,0,0,0,1,1,0,0,0,1
1,2306,45000,14.7,2993,241.4,6,11,10.714417768752456,0,0,0,0,1,0,0,0,0,0,1,0,0,0,0,0,0,0,0
1,3998,120000,12.7,2609,116.6,8,16,11.695247021764185,0,1,0,0,0,0,0,0,0,0,1,0,0,0,1,0,1,0,1
1,5272,17665,15.8,1591,121.3,5,3,9.779340559793246,0,0,1,0,0,0,0,0,0,0,0,0,0,1,1,0,0,0,1
1,3737,28052,18.9,1197,82,5,4,10.241815209656801,0,0,1,0,0,0,0,0,0,0,0,0,0,1,0,0,0,0,1
1,353,68000,22.7,1498,89.84,5,7,11.127262984158245,0,0,0,0,0,0,0,0,1,0,1,0,0,0,1,0,0,0,1
1,1668,52000,13,2143,204,5,7,10.858998997563564,0,0,0,0,0,0,0,0,1,0,1,0,0,0,0,0,0,0,0
1,3181,52000,22.5,998,67.04,5,7,10.858998997563564,0,1,0,0,0,0,0,0,0,0,0,0,0,1,1,0,0,0,1
1,891,48000,25.8,1498,98.6,5,6,10.778956289890028,0,0,0,1,0,0,0,0,0,0,1,0,0,0,1,0,0,0,1
1,5735,118683,21,1461,64.1,5,9,11.684211352143919,0,0,0,0,0,0,1,0,0,0,1,0,0,0,1,0,1,0,1
1,2314,28005,17.8,1497,117.3,5,6,10.240138344643931,0,0,0,0,0,0,0,0,1,0,0,0,0,1,1,0,0,0,1
1,4713,122800,25.01,1498,89.75,5,7,11.71831229469518,0,0,0,0,1,0,0,0,0,0,1,0,0,0,1,0,0,0,1
1,2378,50808,24.2,1498,98.6,7,4,10.83580910148281,0,0,1,0,0,0,0,0,0,0,1,0,0,0,1,0,1,0,1
1,85,52000,17.8,1497,117.3,5,12,10.858998997563564,0,0,0,1,0,0,0,0,0,0,0,0,0,1,1,0,0,0,1
1,1928,55100,17.01,1582,126.2,5,5,10.916904995141008,0,0,0,0,0,0,0,0,0,0,1,0,0,0,0,0,0,0,1
1,4746,68000,18.9,998,67.1,5,10,11.127262984158245,0,0,0,1,0,0,0,0,0,0,0,0,0,1,1,0,0,0,1
1,5951,48094,17,1497,118,5,7,10.780912708188417,0,0,0,0,0,0,0,0,0,1,0,0,0,1,1,0,0,0,1
1,5725,120000,20,1968,138.1,5,8,11.695247021764185,0,1,0,0,0,0,0,0,0,0,1,0,0,0,0,0,0,0,1
1,501,80000,12.1,2362,164.7,5,13,11.289781913656018,0,0,0,0,0,0,0,0,1,0,0,0,0,1,0,0,1,0,1
1,2933,75000,12.99,2494,100.6,8,6,11.225243392518447,0,0,0,0,0,1,0,0,0,0,1,0,0,0,1,0,0,0,1
1,5818,56927,13.5,1799,130,5,12,10.949525024262934,0,0,1,0,0,0,0,0,0,0,0,0,0,1,1,0,0,0,1
1,2726,70000,16.8,1493,110,5,10,11.156250521031497,0,0,0,0,1,0,0,0,0,0,1,0,0,0,1,0,0,0,1
1,1300,120000,12.8,2494,102,7,9,11.695247021764185,0,0,0,0,1,0,0,0,0,0,1,0,0,0,1,0,0,0,1
1,4271,62000,16.8,1497,118,5,11,11.034889664027231,0,0,0,1,0,0,0,0,0,0,0,0,0,1,0,0,0,0,1
1,2604,15000,16.82,1998,189.08,4,5,9.615805480084347,0,0,0,0,0,0,0,0,1,0,0,0,0,1,0,0,0,0,0
1,4966,87143,12.99,2494,100,8,7,11.3753057264371,0,0,0,0,0,0,0,0,1,0,1,0,0,0,1,0,0,0,1
1,630,30441,15.9,1298,85,5,14,10.323545662947193,0,1,0,0,0,0,0,0,0,0,0,0,0,1,1,0,0,0,1
1,5144,20000,20.36,1197,78.9,5,6,9.903487552536127,0,0,0,0,0,0,0,0,1,0,0,0,0,1,1,0,0,0,1
1,3655,22000,19.5,1582,126.24,5,5,9.998797732340453,0,0,0,0,0,0,0,0,0,0,1,0,0,0,0,0,0,0,1
1,2524,101000,17.3,1061,64,5,18,11.522875795823396,0,1,0,0,0,0,0,0,0,0,0,0,0,1,1,0,0,1,1
1,2206,35000,17,1197,80,5,6,10.46310334047155,0,0,0,0,0,0,0,1,0,0,0,0,0,1,1,0,0,0,1
1,3020,80000,12.6,1991,112,7,15,11.289781913656018,0,0,0,1,0,0,0,0,0,0,1,0,0,0,1,0,1,0,1
1,1446,65000,11.7,1796,178,5,11,11.082142548877776,0,0,0,0,1,0,0,0,0,0,0,0,0,1,1,0,1,0,0
1,3185,69000,23.08,1461,63.1,5,8,11.141861783579397,0,0,0,0,0,0,0,0,1,0,1,0,0,0,1,0,0,0,0
1,4489,60334,25.8,1498,98.6,5,6,11.007651071242563,0,0,0,0,0,0,1,0,0,0,1,0,0,0,1,0,0,0,1
1,889,51530,18.9,998,67.1,5,6,10.84991944132227,0,0,0,0,0,0,0,0,0,0,0,0,0,1,1,0,0,0,1
1,2057,65000,13.6,1991,142,5,12,11.082142548877776,0,0,0,0,0,0,0,1,0,0,1,0,0,0,1,0,1,0,1
1,4137,31000,20.36,1197,78.9,5,9,10.341742483467284,0,0,0,0,0,0,0,1,0,0,0,0,0,1,1,0,0,0,1
1,362,130000,23.4,1248,74,5,6,11.77528972943772,0,0,0,0,0,0,0,0,1,0,1,0,0,0,1,0,0,0,1
1,1189,30000,16.8,1497,116.3,5,7,10.308952660644293,0,1,0,0,0,0,0,0,0,0,0,0,0,1,1,0,1,0,1
1,4564,60000,24.4,1120,71,5,7,11.002099841204238,0,0,0,0,0,1,0,0,0,0,1,0,0,0,1,0,0,0,1
1,2971,91000,21.1,814,55.2,5,6,11.418614785498988,0,0,0,0,0,1,0,0,0,0,0,0,0,1,1,0,0,0,1
1,5932,5700,24.7,796,47.3,5,5,8.648221453822641,0,1,0,0,0,0,0,0,0,0,0,0,0,1,1,0,0,0,1
1,1941,66000,15.3,2993,258,5,9,11.097410021008564,0,0,0,0,0,0,0,0,1,0,1,0,0,0,0,0,0,0,0
1,590,55000,20.45,1461,83.8,5,7,10.915088464214607,0,0,0,0,0,0,0,0,0,0,1,0,0,0,1,0,0,0,1
1,2681,54000,18.2,3597,262.6,5,11,10.896739325546413,0,0,0,0,1,0,0,0,0,0,0,0,0,1,0,0,0,0,1
1,1734,32000,23.4,1248,74,5,7,10.373491181781864,0,0,0,0,0,0,0,1,0,0,1,0,0,0,1,0,0,0,1
1,882,66770,20.36,1197,78.9,5,11,11.109009156851917,0,0,0,0,0,1,0,0,0,0,0,0,0,1,1,0,1,0,1
1,3953,3000,19,1199,88.7,5,3,8.006367567650246,0,0,0,0,0,0,0,0,1,0,0,0,0,1,0,0,0,0,1
1,3736,43698,18.9,1197,82,5,3,10.685057613445972,0,0,0,0,0,0,1,0,0,0,0,0,0,1,1,0,0,0,1
1,4232,34000,20.51,998,67,5,4,10.434115803598301,0,0,0,0,0,1,0,0,0,0,0,0,0,1,0,0,0,0,1
1,4655,61000,18.6,1388,67,5,7,11.018629143155449,0,0,0,0,0,0,0,0,1,0,1,0,0,0,1,0,0,0,1
1,1143,23000,17.8,1248,74,5,8,10.043249494911286,1,0,0,0,0,0,0,0,0,0,1,0,0,0,1,0,0,0,1
1,1579,50000,18.9,1197,82,5,6,10.819778284410283,1,0,0,0,0,0,0,0,0,0,0,0,0,1,1,0,0,0,1
1,2716,80064,22.7,1498,89.84,5,6,11.290581593826586,0,0,0,0,0,0,1,0,0,0,1,0,0,0,1,0,0,0,1
1,4626,67000,27.3,1498,98.6,5,6,11.112447898373103,0,0,0,0,1,0,0,0,0,0,1,0,0,0,1,0,0,0,1
1,5530,59885,12.39,2179,147.51,5,7,11.000181335381606,0,0,0,0,0,0,1,0,0,0,1,0,0,0,0,0,0,0,0
1,5868,51240,8.2,2993,245,4,7,10.84427575601067,0,0,0,0,0,0,1,0,0,0,1,0,0,0,0,0,0,0,0
1,5313,20000,18.53,1968,187.74,5,6,9.903487552536127,0,1,0,0,0,0,0,0,0,0,1,0,0,0,0,0,0,0,0
1,5328,47000,22.69,1995,190,5,6,10.757902880692196,0,0,0,0,1,0,0,0,0,0,1,0,0,0,0,0,0,0,0
1,5921,21000,13,2143,204,5,5,9.952277716705561,0,0,0,0,0,0,0,0,1,0,1,0,0,0,0,0,0,0,0
1,5824,52000,18.9,998,67.1,5,9,10.858998997563564,0,0,0,1,0,0,0,0,0,0,0,0,0,1,1,0,0,0,1
1,5742,27000,21.4,1197,83.1,5,4,10.203592144986468,0,0,0,0,0,1,0,0,0,0,0,0,0,1,1,0,0,0,1
1,4945,138205,11.5,2982,171,7,12,11.836493369111318,0,0,0,0,0,0,0,0,0,1,1,0,0,0,1,0,1,0,1
1,5773,52000,15.5,1586,103.3,5,10,10.858998997563564,0,0,0,1,0,0,0,0,0,0,0,0,0,1,1,0,0,0,1
1,2105,86000,22.74,796,47.3,5,8,11.362102575235644,0,0,0,0,0,1,0,0,0,0,0,0,0,1,1,0,0,0,1
1,1820,27000,17.5,1298,85.8,5,6,10.203592144986468,0,0,0,0,0,0,0,1,0,0,0,0,0,1,1,0,0,0,1
1,3225,60908,15.6,1497,116.3,5,9,11.017119807960622,0,0,1,0,0,0,0,0,0,0,0,0,0,1,0,0,1,0,1
1,4313,35000,20.51,998,67,5,5,10.46310334047155,0,0,0,0,1,0,0,0,0,0,0,0,0,1,0,0,0,0,1
1,1632,27076,13.8,1299,70,5,15,10.206403005628498,0,0,0,0,1,0,0,0,0,0,0,0,0,1,1,0,0,0,1
1,1767,28470,18.6,1197,81.83,5,5,10.256606180272085,0,0,0,0,0,0,1,0,0,0,0,0,0,1,1,0,0,0,1
1,4703,41210,18,1198,86.7,5,7,10.626436224332863,0,0,0,0,0,1,0,0,0,0,0,0,0,1,1,0,0,0,1
1,3989,70000,25.83,1498,99,5,5,11.156250521031497,0,1,0,0,0,0,0,0,0,0,1,0,0,0,1,0,0,0,1
1,497,29000,17.3,993,60,5,17,10.275051108968613,0,1,0,0,0,0,0,0,0,0,0,0,0,1,1,0,0,0,1
1,5054,42150,27.62,793,47,5,6,10.648989963430001,0,0,0,0,0,0,0,0,0,0,1,0,0,0,1,0,0,0,1
1,1031,80000,11.25,1995,150,5,9,11.289781913656018,0,0,0,0,0,0,0,0,0,1,0,0,0,1,0,0,0,0,0
1,3718,77445,22.07,1199,73.9,5,8,11.25732328598186,0,0,0,1,0,0,0,0,0,0,1,0,0,0,1,0,0,0,0
1,3422,80931,17.92,1086,62.1,5,13,11.301352218770758,0,0,0,0,1,0,0,0,0,0,0,0,0,1,1,0,0,0,1
1,1450,49000,17.5,1298,85.8,5,9,10.799575577092764,0,1,0,0,0,0,0,0,0,0,0,0,0,1,1,0,0,0,1
1,25,51920,16.8,1497,116.3,5,9,10.857459351377974,0,0,0,0,0,0,0,0,1,0,0,0,0,1,1,0,0,0,1
1,1140,69000,11.36,2755,171.5,7,5,11.141861783579397,0,0,0,0,1,0,0,0,0,0,1,0,0,0,0,0,0,0,1
1,3742,24571,14,796,35,5,4,10.1093221647277,0,0,0,0,1,0,0,0,0,0,0,0,0,1,1,0,0,0,1
1,1590,27030,17.8,1497,117.3,5,6,10.204702639270494,0,0,0,0,0,0,0,0,1,0,0,0,0,1,1,0,0,0,1
1,5136,18491,24.07,998,67.1,5,4,9.825039406206988,0,0,0,0,0,1,0,0,0,0,0,0,0,1,0,0,0,0,1
1,4494,44846,14.6,1368,88.7,5,6,10.710989677333476,0,0,1,0,0,0,0,0,0,0,0,0,0,1,1,0,1,0,1
1,439,40000,17.7,1497,78,5,13,10.596634733096073,0,0,0,0,0,0,0,1,0,0,0,0,0,1,1,0,0,0,1
1,2895,71558,20,1399,68.05,5,9,11.178263588657462,0,0,0,0,1,0,0,0,0,0,1,0,0,0,1,0,0,0,1
1,5355,69972,13.5,1799,130,5,13,11.155850441010156,0,0,0,0,1,0,0,0,0,0,0,0,0,1,1,0,0,0,1
1,3963,104000,13.7,1468,85.8,5,20,11.55214617812351,0,1,0,0,0,0,0,0,0,0,0,0,0,1,1,0,0,1,1
1,2930,123880,23.08,1461,63.1,5,10,11.727068634087141,0,0,0,0,1,0,0,0,0,0,1,0,0,0,1,0,0,0,0
1,3057,71491,23.08,1461,63.12,5,8,11.177326846633413,0,0,0,0,1,0,0,0,0,0,1,0,0,0,1,0,0,0,1
1,3236,70000,14.21,2143,203,5,10,11.156250521031497,0,0,0,1,0,0,0,0,0,0,1,0,0,0,0,0,0,0,0
1,4468,29000,18,1198,86.7,5,7,10.275051108968613,0,0,0,0,0,0,0,0,1,0,0,0,0,1,1,0,0,0,1
1,2985,46727,22.77,1498,98.59,5,5,10.752077435046024,0,0,0,1,0,0,0,0,0,0,1,0,0,0,1,0,0,0,1
1,4071,41000,19.4,1198,86.8,5,8,10.621327345686446,0,0,0,0,0,0,0,0,1,0,0,0,0,1,1,0,0,0,1
1,1129,38000,24.52,1248,88.5,7,3,10.545341438708524,0,0,0,0,0,0,0,0,0,0,1,0,0,0,1,0,0,0,1
1,3894,250000,12.8,2494,102,7,11,12.429216196844385,0,0,0,0,1,0,0,0,0,0,1,0,0,0,1,0,1,0,1
1,4161,13008,20.51,998,67.04,5,6,9.473319831787592,0,0,0,1,0,0,0,0,0,0,0,0,0,1,1,0,0,0,1
1,197,50000,25.8,1498,98.6,5,8,10.819778284410283,0,0,0,0,0,0,0,1,0,0,1,0,0,0,1,0,0,0,1
1,627,67407,21.27,1396,88.76,5,7,11.11850414907434,0,0,0,1,0,0,0,0,0,0,1,0,0,0,1,0,0,0,1
1,656,47000,21.9,1396,90,5,12,10.757902880692196,0,1,0,0,0,0,0,0,0,0,1,0,0,0,1,0,0,0,1
1,4320,83010,17.2,1968,138.1,5,10,11.326716361449082,0,0,0,0,0,0,0,0,1,0,1,0,0,0,0,0,0,0,1
1,4328,41075,28.4,1248,74,5,2,10.623154942905467,0,0,1,0,0,0,0,0,0,0,1,0,0,0,1,0,0,0,1
1,5435,71000,25.1,1498,98.6,5,7,11.170435156023453,0,1,0,0,0,0,0,0,0,0,1,0,0,0,1,0,1,0,1
1,335,35000,19.7,796,46.3,5,12,10.46310334047155,0,0,0,0,0,0,0,0,0,0,0,0,0,1,1,0,0,0,1
1,3489,19828,17.85,2967,300,4,8,9.894850359140463,1,0,0,0,0,0,0,0,0,0,1,0,0,0,0,0,1,0,0
1,3691,13436,18.9,1197,82,5,5,9.505692950732184,0,0,0,0,0,0,0,0,0,1,0,0,0,1,1,0,1,0,1
1,5345,50129,19.67,1582,126.2,5,4,10.822354961923732,0,0,0,0,1,0,0,0,0,0,1,0,0,0,1,0,0,0,1
1,4796,41000,14.4,1598,103.6,5,8,10.621327345686446,0,0,0,0,0,0,0,0,0,1,0,0,0,1,0,0,0,0,0
1,490,78000,12,2354,187.4,5,17,11.26446410567173,0,0,0,0,1,0,0,0,0,0,0,0,0,1,0,0,0,0,1
1,3990,61000,23.4,1248,74,5,7,11.018629143155449,0,0,0,0,0,1,0,0,0,0,1,0,0,0,1,0,0,0,1
1,4704,20000,14,2987,165,5,6,9.903487552536127,1,0,0,0,0,0,0,0,0,0,1,0,0,0,0,0,0,0,0
1,2112,83950,19.67,1582,126.2,5,6,11.337976662505689,0,0,0,0,0,1,0,0,0,0,1,0,0,0,1,0,0,0,1
1,3858,43152,20.73,1373,91.1,5,5,10.67248404537951,0,0,0,0,0,0,1,0,0,0,0,0,0,1,1,0,0,0,1
1,32,72000,11.18,2696,184,7,8,11.184421397998193,1,0,0,0,0,0,0,0,0,0,1,0,0,0,0,0,1,0,1
1,4097,40310,18.6,1197,81.83,5,5,10.604354856111213,0,0,1,0,0,0,0,0,0,0,0,0,0,1,1,0,0,0,1
1,5872,21248,24.3,1248,88.5,5,4,9.964018052276161,0,0,0,0,0,0,1,0,0,0,1,0,0,0,1,0,0,0,1
1,3442,13460,18.6,1197,81.86,5,5,9.507477603198721,0,0,0,1,0,0,0,0,0,0,0,0,0,1,1,0,0,0,1
1,1479,42527,20.4,1197,81.8,5,4,10.657894447316275,0,0,0,0,0,0,1,0,0,0,0,0,0,1,1,0,0,0,1
1,2962,51001,16.09,1995,184,5,9,10.839600519357367,0,0,0,0,0,0,0,1,0,0,1,0,0,0,0,0,0,0,0
1,2361,47003,20.36,1197,78.9,5,7,10.757966708442398,0,0,0,0,0,0,0,0,0,0,0,0,0,1,1,0,0,0,1
1,5869,37000,18.9,998,67.1,5,10,10.518673191626359,0,0,0,0,0,0,0,1,0,0,0,0,0,1,1,0,1,0,1
1,1748,74755,19.6,1461,108.45,5,8,11.221971378648028,0,0,0,0,0,0,1,0,0,0,1,0,0,0,1,0,0,0,1
1,2472,38852,21.4,1197,83.1,5,3,10.567514834522221,0,0,1,0,0,0,0,0,0,0,0,0,0,1,0,0,0,0,1
1,3921,32400,20.14,1498,88.8,5,7,10.385913701780419,0,0,0,1,0,0,0,0,0,0,1,0,0,0,1,0,0,0,0
1,3526,74000,16.07,1995,181,5,10,11.211820372186306,0,0,0,0,0,0,0,0,0,0,1,0,0,0,0,0,1,0,0
1,1434,36000,26,1498,98.6,5,7,10.491274217438248,0,0,0,0,0,0,0,1,0,0,1,0,0,0,1,0,0,0,1
1,3300,17000,26.1,1498,99,5,3,9.740968623038354,0,0,0,0,0,0,0,1,0,0,1,0,0,0,1,0,0,0,1
1,171,60000,20.36,1197,78.9,5,8,11.002099841204238,0,0,0,1,0,0,0,0,0,0,0,0,0,1,1,0,0,0,1
1,550,69690,17.7,1497,78,5,12,11.151812114432564,0,0,0,0,0,0,1,0,0,0,0,0,0,1,1,0,0,0,1
1,3104,41300,17.8,1248,74,5,8,10.628617778949124,0,0,0,0,0,0,0,1,0,0,1,0,0,0,1,0,0,0,1
1,4505,18776,17.8,1198,86.7,5,7,9.84033473753086,0,0,0,0,0,1,0,0,0,0,0,0,0,1,1,0,0,0,1
1,3152,67000,19.01,1461,108.45,5,8,11.112447898373103,0,0,0,1,0,0,0,0,0,0,1,0,0,0,1,0,0,0,1
1,4628,72000,16.25,1198,73.9,5,11,11.184421397998193,0,0,0,0,0,1,0,0,0,0,0,0,0,1,1,0,0,0,1
1,687,53293,13.14,1798,160,5,11,10.883560269446573,0,0,0,0,1,0,0,0,0,0,0,0,0,1,1,0,0,0,1
1,2887,39000,18.6,1197,81.83,5,6,10.571316925111784,0,0,0,0,0,0,0,0,1,0,0,0,0,1,1,0,0,0,1
1,5526,30000,22.7,1498,89.84,5,4,10.308952660644293,0,0,0,0,0,0,0,0,1,0,1,0,0,0,1,0,0,0,1
1,1863,19543,18.12,1995,190,5,4,9.880372445030076,0,0,0,0,0,1,0,0,0,0,1,0,0,0,0,0,0,0,0
1,4488,38000,14.84,2143,170,5,9,10.545341438708524,0,0,0,1,0,0,0,0,0,0,1,0,0,0,0,0,0,0,0
1,2153,14470,19.71,2143,201.15,5,4,9.57983281962553,0,0,0,0,0,0,0,0,1,0,1,0,0,0,0,0,0,0,0
1,4178,95000,22.32,1582,126.32,5,7,11.461632170582678,1,0,0,0,0,0,0,0,0,0,1,0,0,0,1,0,1,0,1
1,5064,31826,22.7,1498,89.84,5,5,10.368038844770131,0,0,0,0,0,0,1,0,0,0,1,0,0,0,1,0,0,0,1
1,2154,52108,19.01,1461,108.45,5,7,10.861073766817457,0,0,0,0,0,0,0,1,0,0,1,0,0,0,1,0,0,0,1
1,5093,85000,23.9,1582,126.2,5,6,11.350406535472453,0,1,0,0,0,0,0,0,0,0,1,0,0,0,1,0,0,0,1
1,2772,61600,17.1,1591,121.3,5,10,11.028417149521609,0,0,0,0,0,0,0,0,1,0,0,0,0,1,1,0,0,0,1
1,1586,65060,21.1,814,55.2,5,8,11.083065200027342,0,0,1,0,0,0,0,0,0,0,0,0,0,1,1,0,0,0,1
1,2359,150000,14.95,2489,93.7,9,5,11.918390573078392,0,1,0,0,0,0,0,0,0,0,1,0,0,0,1,0,0,0,1
1,361,83000,23.08,1461,63.1,5,10,11.326595886778733,0,1,0,0,0,0,0,0,0,0,1,0,0,0,1,0,0,0,0
1,2468,66000,17,1497,118,5,9,11.097410021008564,0,0,0,0,0,0,0,0,0,1,0,0,0,1,1,0,1,0,1
1,4529,56838,16.8,1497,118,5,7,10.947960395103587,0,0,0,0,0,0,1,0,0,0,0,0,0,1,0,0,0,0,1
1,5810,30000,25.1,1498,98.6,5,6,10.308952660644293,0,0,0,0,0,0,0,1,0,0,1,0,0,0,1,0,0,0,1
1,5324,59261,24,1186,73.97,5,6,10.989706695774245,0,0,0,1,0,0,0,0,0,0,1,0,0,0,1,0,0,0,1
1,4285,62489,17,1197,80,5,11,11.042745820234675,0,0,0,1,0,0,0,0,0,0,0,0,0,1,1,0,0,0,1
1,1077,34688,24.3,1248,88.5,5,2,10.45414908479932,0,0,0,0,0,0,1,0,0,0,1,0,0,0,1,0,0,0,1
1,4631,85000,15.3,1596,101,5,11,11.350406535472453,0,0,0,0,0,0,0,0,0,1,0,0,0,1,1,0,0,0,1
1,3571,65000,17,1497,118,5,10,11.082142548877776,1,0,0,0,0,0,0,0,0,0,0,0,0,1,1,0,0,0,1
1,1795,38143,22.9,1248,74,5,5,10.549097533638411,0,0,0,0,0,0,1,0,0,0,1,0,0,0,1,0,0,0,1
1,2437,75000,24.6,1193,55.23,5,6,11.225243392518447,0,1,0,0,0,0,0,0,0,0,0,0,0,0,1,0,0,0,1
1,1816,27339,18.6,1197,81.83,5,2,10.216069533164237,0,0,0,0,0,0,1,0,0,0,0,0,0,1,1,0,0,0,1
1,1224,70000,17.3,993,60,5,22,11.156250521031497,0,0,0,0,0,1,0,0,0,0,0,0,0,1,1,0,1,0,1
1,1929,70000,17.11,1968,174.33,5,7,11.156250521031497,0,1,0,0,0,0,0,0,0,0,1,0,0,0,0,0,0,0,0
1,2067,56230,17.5,1298,85.8,5,13,10.93720570128625,0,0,0,0,0,0,0,0,0,1,0,0,0,1,1,0,1,0,1
1,2056,29966,16.77,2993,261.49,5,6,10.30781868460309,0,0,0,0,0,0,1,0,0,0,1,0,0,0,0,0,1,0,0
1,4020,115195,25.2,1248,74,5,8,11.65438162352422,0,0,0,0,0,0,0,1,0,0,1,0,0,0,1,0,0,0,1
1,1519,28226,28.4,1248,73.75,5,4,10.247998817973954,0,0,0,0,1,0,0,0,0,0,1,0,0,0,0,0,0,0,1
1,333,79152,18.5,1197,82.85,5,10,11.27912533346749,0,0,0,0,0,0,0,0,0,1,0,0,0,1,1,0,1,0,1
1,661,64000,24,1120,70,5,7,11.066638362341811,0,0,0,0,0,1,0,0,0,0,1,0,0,0,1,0,0,0,1
1,4024,68598,19.01,1461,108.45,5,7,11.136018658770022,0,0,0,0,0,0,1,0,0,0,1,0,0,0,1,0,0,0,1
1,1150,56073,13.7,1798,157.75,5,6,10.934409692234286,0,0,0,0,0,0,0,0,1,0,0,0,0,1,0,0,0,0,1
1,2743,76000,16,2179,140,7,6,11.238488619268468,1,0,0,0,0,0,0,0,0,0,1,0,0,0,1,0,1,0,1
1,2927,30000,23.1,998,67.04,5,5,10.308952660644293,0,0,0,0,0,1,0,0,0,0,0,0,0,1,0,0,1,0,1
1,3514,4500,18,1497,117.3,5,3,8.411832675758411,0,0,0,0,0,0,0,0,0,1,0,0,0,1,0,0,0,0,1
1,3326,52324,28.09,1248,88.5,5,6,10.865210435808118,0,0,0,0,0,0,0,0,0,0,1,0,0,0,1,0,0,0,1
1,3707,80000,24.2,1498,98.6,7,7,11.289781913656018,0,0,0,0,0,0,0,0,1,0,1,0,0,0,1,0,1,0,1
1,5803,100000,11.3,2987,254.8,7,8,11.512925464970227,0,1,0,0,0,0,0,0,0,0,1,0,0,0,0,0,1,0,0
1,1289,66339,25.1,1498,98.6,5,6,11.102533238525508,0,0,0,0,0,1,0,0,0,0,1,0,0,0,1,0,1,0,1
1,3006,16039,17.1,1956,170,5,3,9.68277853533738,0,0,0,0,0,0,0,0,0,1,1,0,0,0,1,0,0,0,0
1,4858,14000,18.25,1968,187.74,5,4,9.546812608597397,0,0,0,0,1,0,0,0,0,0,1,0,0,0,0,0,0,0,0
1,2665,46805,24.07,998,67.1,5,3,10.753745313805846,0,0,0,0,0,0,1,0,0,0,0,0,0,1,1,0,0,0,1
1,1557,33000,26,1498,98.6,5,6,10.404262840448617,0,0,0,1,0,0,0,0,0,0,1,0,0,0,1,0,0,0,1
1,1409,148000,23.4,1248,74,5,4,11.904967552746253,0,0,0,0,0,0,0,1,0,0,1,0,0,0,1,0,0,0,1
1,5213,77000,12.99,2494,100,8,6,11.25156070083582,0,0,0,0,0,0,0,0,0,1,1,0,0,0,1,0,0,0,1
1,1048,44000,22.77,1498,98.59,5,8,10.691944912900398,0,0,0,0,0,0,0,1,0,0,1,0,0,0,1,0,0,0,1
1,2844,90000,17.3,1061,64,5,14,11.407564949312404,0,0,0,0,0,0,0,0,0,1,0,0,0,1,1,0,1,0,1
1,5387,25811,25.4,624,37.5,4,6,10.158556036634714,0,0,1,0,0,0,0,0,0,0,0,0,0,1,1,0,1,0,1
1,5999,10000,17.57,1193,88.7,5,5,9.210340371976184,0,1,0,0,0,0,0,0,0,0,0,0,0,1,1,0,0,0,1
1,933,33000,17.8,1198,86.7,5,5,10.404262840448617,0,0,0,0,1,0,0,0,0,0,0,0,0,1,1,0,0,0,1
1,5188,79000,22,1582,126.2,5,9,11.277203131449161,1,0,0,0,0,0,0,0,0,0,1,0,0,0,0,0,0,0,1
1,1717,169000,14.95,2489,93.7,7,6,12.037653993905213,0,0,0,0,1,0,0,0,0,0,1,0,0,0,1,0,0,0,1
1,1790,73500,13,1343,90,5,17,11.205040685200927,0,0,0,0,0,0,0,0,0,1,0,0,0,1,1,0,1,0,1
1,3754,87000,13.5,1799,130,5,13,11.37366339763672,0,0,0,0,0,0,0,0,1,0,0,0,0,1,1,0,0,0,1
1,1780,25755,26.6,998,58.16,5,8,10.156384061999686,0,0,0,0,0,0,0,0,1,0,0,0,0,0,1,0,0,0,1
1,1671,18094,18.6,1197,85.8,5,5,9.803335670585687,0,0,1,0,0,0,0,0,0,0,0,0,0,1,1,0,1,0,1
1,5564,62404,22.69,1995,190,5,5,11.04138465486714,0,0,0,0,0,0,1,0,0,0,1,0,0,0,0,0,0,0,0
1,436,34267,22.74,796,47.3,5,5,10.441938070914238,0,0,0,0,0,0,1,0,0,0,0,0,0,1,1,0,0,0,1
1,1855,100000,22.69,1995,190,5,10,11.512925464970227,0,0,0,0,0,0,0,0,0,0,1,0,0,0,0,0,1,0,0
1,3481,25000,18.6,1197,81.83,5,6,10.126631103850338,0,0,0,0,0,0,0,0,1,0,0,0,0,1,1,0,0,0,1
1,2404,73000,25.17,799,53.3,5,5,11.198214720130528,0,0,0,0,1,0,0,0,0,0,0,0,0,1,1,0,0,0,1
1,3625,38000,24.8,1396,88.7,5,9,10.545341438708524,0,0,0,0,0,0,0,1,0,0,1,0,0,0,1,0,0,0,1
1,3437,63181,15.3,1341,83,5,15,11.053758902024423,0,0,0,0,1,0,0,0,0,0,0,0,0,1,1,0,0,0,1
1,3412,56344,17.6,1496,88.73,5,8,10.939231036425248,0,0,0,0,0,0,1,0,0,0,0,0,0,1,1,0,0,0,1
1,2276,45306,11.2,2993,241,4,8,10.72119475303148,0,0,0,0,0,1,0,0,0,0,1,0,0,0,0,0,1,0,0
1,3205,65257,19.01,1461,108.45,5,5,11.086088599124372,0,0,1,0,0,0,0,0,0,0,1,0,0,0,1,0,0,0,1
1,3188,47566,12.55,2982,168.5,7,6,10.769873499281642,0,0,0,0,0,0,1,0,0,0,1,0,0,0,0,0,0,0,1
1,5363,46811,16,2179,140,7,3,10.753873497022564,0,0,1,0,0,0,0,0,0,0,1,0,0,0,1,0,0,0,1
1,5110,28133,18.6,1197,81.86,5,6,10.244698543504514,0,0,0,0,0,0,0,0,1,0,0,0,0,1,1,0,0,0,1
1,4597,72672,19.81,1086,68.05,5,13,11.193711444905283,0,0,0,0,0,0,0,0,0,1,0,0,0,1,1,0,0,0,1
1,5339,1000,17.19,1197,81.86,5,2,6.907755278982138,0,0,0,0,0,0,0,0,0,1,0,0,0,1,1,0,0,0,1
1,2046,62000,15,1586,104.68,5,13,11.034889664027231,0,0,0,0,0,0,0,0,1,0,0,0,0,1,1,0,1,0,1
1,3135,34620,17.01,1591,121.3,5,8,10.4521868287302,0,1,0,0,0,0,0,0,0,0,0,0,0,1,1,0,1,0,1
1,2278,55000,13.45,1086,62.1,5,11,10.915088464214607,0,0,0,0,0,0,0,0,0,1,0,0,1,0,1,0,1,0,1
1,1133,32000,20.5,1248,91.72,5,6,10.373491181781864,0,0,0,0,0,0,0,0,1,0,1,0,0,0,1,0,0,0,1
1,4007,58581,19.4,1198,86.8,5,8,10.97816569090861,0,1,0,0,0,0,0,0,0,0,0,0,0,1,1,0,0,0,1
1,838,215000,14.02,2179,118.3,7,5,12.278393307109802,0,1,0,0,0,0,0,0,0,0,1,0,0,0,1,0,0,0,1
1,4017,52000,16.09,1995,184,5,9,10.858998997563564,1,0,0,0,0,0,0,0,0,0,1,0,0,0,0,0,0,0,0
1,5163,89000,25.2,1248,74,5,7,11.396391648714275,0,0,0,0,1,0,0,0,0,0,1,0,0,0,1,0,0,0,1
1,1740,55594,18.49,1493,100,7,3,10.92583056074651,0,0,0,0,0,0,1,0,0,0,1,0,0,0,1,0,0,0,1
1,3915,47000,14.8,1799,130.2,5,9,10.757902880692196,0,0,0,0,0,0,0,0,1,0,0,0,0,1,1,0,0,0,1
1,136,94385,19.7,796,46.3,5,11,11.455137441202837,0,1,0,0,0,0,0,0,0,0,0,0,0,1,1,0,1,0,1
1,3195,60000,19.64,1461,108.45,5,6,11.002099841204238,1,0,0,0,0,0,0,0,0,0,1,0,0,0,1,0,0,0,1
1,5423,36000,11.72,2199,194.3,7,5,10.491274217438248,1,0,0,0,0,0,0,0,0,0,1,0,0,0,0,0,0,0,1
1,5331,13000,23,1498,98.96,5,3,9.472704636443671,0,0,0,0,0,0,0,0,0,0,1,0,0,0,1,0,0,0,1
1,1207,90000,12.99,2494,100.6,7,5,11.407564949312404,0,1,0,0,0,0,0,0,0,0,1,0,0,0,1,0,0,0,1
1,3391,45000,20.36,1197,78.9,5,8,10.714417768752456,0,0,0,0,0,0,0,0,0,1,0,0,0,1,1,0,0,0,1
1,908,38623,19.1,1197,85.8,5,8,10.561603232924144,1,0,0,0,0,0,0,0,0,0,0,0,0,1,1,0,0,0,1
1,5844,52000,12.85,1396,99.6,5,13,10.858998997563564,0,0,0,0,0,0,0,0,0,1,0,0,0,1,1,0,1,0,1
1,5154,21701,23.1,998,67.04,5,7,9.985113621416073,0,0,0,1,0,0,0,0,0,0,0,0,0,1,1,0,0,0,1
1,837,52625,24,1120,70,5,5,10.87094657098468,0,0,0,0,0,0,1,0,0,0,1,0,0,0,1,0,0,0,1
1,1138,16900,14.69,2993,258,5,6,9.735068900911164,1,0,0,0,0,0,0,0,0,0,1,0,0,0,0,0,0,0,0
1,4676,30000,17.11,1968,174.33,5,6,10.308952660644293,0,0,0,0,1,0,0,0,0,0,1,0,0,0,0,0,0,0,0
1,5515,90000,10.5,2179,120,8,16,11.407564949312404,1,0,0,0,0,0,0,0,0,0,1,0,0,0,1,0,0,0,1
1,4758,89000,17,1497,118,5,12,11.396391648714275,0,0,0,0,0,1,0,0,0,0,0,0,0,1,0,0,0,0,1
1,1294,55005,12.8,1343,90,5,12,10.915179369173536,0,0,0,1,0,0,0,0,0,0,0,0,0,1,1,0,0,0,1
1,1013,176000,10.5,2179,120,8,13,12.078239274020287,1,0,0,0,0,0,0,0,0,0,1,0,0,0,1,0,1,0,1
1,3191,48300,20,2143,107.3,5,6,10.785186839640666,0,0,0,0,0,0,0,0,0,1,1,0,0,0,0,0,0,0,0
1,1783,37832,22.5,998,67,5,4,10.540910584323713,0,0,1,0,0,0,0,0,0,0,0,0,0,1,0,0,0,0,1
1,3699,81000,16.4,1497,78,5,14,11.302204433654575,0,0,0,0,1,0,0,0,0,0,0,0,0,1,0,0,0,0,1
1,359,70000,22.9,1248,74,5,8,11.156250521031497,0,0,0,1,0,0,0,0,0,0,1,0,0,0,1,0,0,0,1
1,5884,28000,23.4,1248,74,5,7,10.23995978915734,0,0,0,0,0,0,0,1,0,0,1,0,0,0,1,0,0,0,1
1,2430,71600,20.36,1197,78.9,5,14,11.178850352948738,0,0,0,0,0,0,0,1,0,0,0,0,0,1,1,0,1,0,1
1,4216,43053,18.9,998,67.1,5,6,10.67018719383904,0,0,1,0,0,0,0,0,0,0,0,0,0,1,1,0,0,0,1
1,1526,99754,17.72,1968,108.49,5,9,11.510462434198745,0,0,0,0,1,0,0,0,0,0,1,0,0,0,1,0,0,0,1
1,3878,25948,16,2179,140,7,3,10.163849814332949,0,0,0,0,0,0,1,0,0,0,1,0,0,0,0,0,0,0,1
1,1257,43000,16,2179,140,7,8,10.668955394675699,0,0,0,0,0,0,0,1,0,0,1,0,0,0,1,0,0,0,1
1,3035,53001,16.1,1298,88.2,5,12,10.878066060280789,0,0,0,0,0,0,0,0,1,0,0,0,0,1,1,0,0,0,1
1,2919,144000,20.54,1598,103.6,5,8,11.877568578558137,0,0,0,0,0,1,0,0,0,0,1,0,0,0,1,0,0,0,0
1,5698,79985,17.8,1399,67,5,9,11.289594396075694,0,0,0,0,0,0,1,0,0,0,1,0,0,0,1,0,0,0,1
1,52,53000,17.8,1248,75,5,7,10.878047192534261,0,0,0,0,0,0,0,1,0,0,1,0,0,0,1,0,0,0,1
1,3082,77216,17.5,1896,106,5,9,11.254361968424758,0,1,0,0,0,0,0,0,0,0,1,0,0,0,1,0,1,0,1
1,4302,61449,17,1086,62,5,9,11.025962841468763,0,0,0,1,0,0,0,0,0,0,0,0,0,1,1,0,0,0,1
1,4960,38000,16.47,1198,73.9,5,8,10.545341438708524,0,0,0,0,0,0,0,1,0,0,0,0,0,1,1,0,0,0,0
1,3605,50000,22.74,796,47.3,5,6,10.819778284410283,0,0,0,0,0,1,0,0,0,0,0,0,0,1,1,0,0,0,1
1,1629,54898,16.1,1298,88.2,5,11,10.913232196961543,0,0,0,0,0,0,0,0,0,1,0,0,0,1,1,0,0,1,1
1,1516,39927,12.55,2982,168.5,7,3,10.594808065754666,0,0,0,0,1,0,0,0,0,0,1,0,0,0,1,0,0,0,1
1,1505,26013,12.65,2993,255,5,2,10.16635169204527,0,0,0,0,0,0,1,0,0,0,1,0,0,0,0,0,0,0,0
1,5906,100000,11.4,2953,153.86,7,10,11.512925464970227,0,1,0,0,0,0,0,0,0,0,1,0,0,0,0,0,0,0,1
1,2131,45000,17,1497,118,5,8,10.714417768752456,0,0,0,0,0,0,0,0,1,0,0,0,0,1,1,0,0,0,1
1,3407,82739,16,2179,140,7,3,11.32344635388967,0,0,1,0,0,0,0,0,0,0,1,0,0,0,0,0,0,0,1
1,5928,37323,17.45,1493,100,7,3,10.527365037582602,0,0,1,0,0,0,0,0,0,0,1,0,0,0,1,0,1,0,1
1,3824,105000,19.3,1248,73.9,5,11,11.561715629139659,0,0,0,0,0,0,0,0,0,1,1,0,0,0,1,0,0,0,1
1,443,50243,18.2,1086,93.7,5,9,10.824626512735104,0,0,1,0,0,0,0,0,0,0,0,0,0,1,1,0,0,0,1
1,2854,81000,12.05,2179,120,8,14,11.302204433654575,1,0,0,0,0,0,0,0,0,0,1,0,0,0,1,0,0,1,1
1,1628,12000,16.1,796,37,4,17,9.392661928770137,0,0,0,0,0,1,0,0,0,0,0,0,0,1,1,0,1,0,1
1,4428,75000,19.1,1405,70,5,7,11.225243392518447,0,0,0,0,0,0,0,0,1,0,1,0,0,0,1,0,0,0,1
1,1630,2500,15.29,1591,121.3,5,3,7.824046010856294,0,0,0,0,0,0,0,0,1,0,0,0,0,1,1,0,0,0,1
1,3661,39753,13,2143,201.1,5,5,10.590440588932744,0,0,1,0,0,0,0,0,0,0,1,0,0,0,0,0,0,0,0
1,996,93000,17,1086,62,5,13,11.440354772135393,0,0,0,0,0,0,0,0,0,1,0,0,0,1,1,0,0,0,1
1,1267,124000,23.03,1396,69,5,10,11.728036844587177,0,1,0,0,0,0,0,0,0,0,1,0,0,0,1,0,0,0,1
1,2399,52000,16.1,1298,88.2,5,13,10.858998997563564,0,0,0,0,0,0,0,0,0,0,0,0,0,1,1,0,0,0,1
1,2446,25000,17.9,2143,170,5,4,10.126631103850338,0,0,0,0,0,0,0,0,1,0,1,0,0,0,0,0,0,0,0
1,3734,62282,16.95,1197,78.9,5,9,11.039427738470216,0,0,0,1,0,0,0,0,0,0,0,0,0,1,0,0,0,0,1
1,5362,29063,17.11,1968,174.33,5,7,10.277221166482796,1,0,0,0,0,0,0,0,0,0,1,0,0,0,0,0,0,0,0
1,2285,52513,18,1198,86.7,5,6,10.868816036974797,0,0,0,1,0,0,0,0,0,0,0,0,0,1,1,0,0,0,1
1,4664,53080,18.6,1197,85.8,5,10,10.879555488446146,0,0,0,0,1,0,0,0,0,0,0,0,0,1,1,0,0,0,1
1,1534,23882,17.4,1497,117.3,5,2,10.08088031609333,0,0,1,0,0,0,0,0,0,0,0,0,0,1,1,0,0,0,1
1,456,12923,25.1,1248,88.5,5,3,9.466763948525195,0,0,0,1,0,0,0,0,0,0,1,0,0,0,1,0,0,0,1
1,2426,83000,14,1061,64,5,14,11.326595886778733,0,0,0,0,0,0,0,0,0,1,0,0,0,1,1,0,0,0,1
1,3320,35082,20.36,1197,78.9,5,10,10.465443457403726,0,0,0,0,0,0,0,1,0,0,0,0,0,1,1,0,0,0,1
1,5398,42894,23.2,1248,73.94,5,6,10.666487234994909,0,0,1,0,0,0,0,0,0,0,1,0,0,0,1,0,0,0,1
1,2960,62000,22.07,1199,73.9,5,7,11.034889664027231,0,0,0,1,0,0,0,0,0,0,1,0,0,0,1,0,1,0,0
1,1589,63000,15.96,2523,62.1,7,8,11.05089000537367,0,0,0,0,0,1,0,0,0,0,1,0,0,0,1,0,0,0,1
1,5333,63001,20.77,1248,88.76,7,9,11.050905878263569,0,0,0,0,0,0,0,0,0,1,1,0,0,0,1,0,1,0,1
1,1173,89000,14.53,1798,138.1,5,13,11.396391648714275,0,0,0,1,0,0,0,0,0,0,0,0,0,1,0,0,0,0,1
1,3689,73095,16.8,1497,118,5,13,11.199515243945719,0,0,0,0,1,0,0,0,0,0,0,0,0,1,0,0,0,0,1
1,2145,14000,12.62,2198,158,7,3,9.546812608597397,0,0,0,0,1,0,0,0,0,0,1,0,0,0,0,0,0,0,1
1,1343,63050,11.1,2354,158.8,5,6,11.051683341393066,0,0,0,0,0,0,0,0,0,1,0,0,0,1,0,0,0,0,1
1,2066,47035,18.49,1493,100,7,5,10.758647284406052,0,0,0,1,0,0,0,0,0,0,1,0,0,0,1,0,0,0,1
1,5005,52000,17.8,1399,68,5,10,10.858998997563564,0,0,0,0,1,0,0,0,0,0,1,0,0,0,1,0,0,0,1
1,2696,24806,18.15,1198,82,6,4,10.118840838375275,0,0,1,0,0,0,0,0,0,0,0,0,0,1,1,0,0,0,1
1,3977,70000,16.1,1298,88.2,5,10,11.156250521031497,0,0,0,0,0,0,0,0,0,1,0,0,0,1,1,0,0,0,1
1,1412,43706,17.57,1193,88.7,5,5,10.685240671430098,0,0,0,0,0,0,0,0,1,0,0,0,0,1,1,0,0,0,1
1,3204,58734,20.77,1248,88.76,7,6,10.980774054489483,0,0,0,0,0,0,1,0,0,0,1,0,0,0,1,0,0,0,1
1,419,20800,21.1,814,55.2,5,6,9.94270826568941,0,0,0,0,0,0,0,1,0,0,0,0,0,1,1,0,1,0,1
1,963,95000,13.7,1798,157.75,5,9,11.461632170582678,0,0,0,0,0,0,0,0,1,0,0,0,0,1,0,0,0,0,1
1,821,47000,14.21,2143,203,5,10,10.757902880692196,0,0,0,0,0,0,0,0,1,0,1,0,0,0,0,0,1,0,0
1,4675,55980,20.36,1197,78.9,5,11,10.932749763069443,0,0,0,0,0,0,0,0,1,0,0,0,0,1,1,0,0,0,1
1,3248,58752,16.47,1198,73.9,5,10,10.981080473980162,0,0,0,0,0,0,1,0,0,0,0,0,0,1,1,0,0,0,0
1,261,143275,22,1582,126.2,5,13,11.872521139419938,0,0,0,0,1,0,0,0,0,0,1,0,0,0,1,0,0,0,1
1,5902,72000,26.2,998,58.2,5,9,11.184421397998193,0,0,0,0,0,0,0,0,1,0,0,0,0,0,1,0,0,0,1
1,2289,42500,18.33,1968,167.7,5,10,10.657259354912508,0,0,0,0,0,0,0,1,0,0,1,0,0,0,0,0,0,0,0
1,660,35000,12.99,2494,100.6,7,7,10.46310334047155,0,0,0,0,0,0,0,0,1,0,1,0,0,0,1,0,0,0,1
1,1811,62332,11.7,2354,177.6,5,10,11.040230216565504,0,0,0,0,0,0,1,0,0,0,0,0,0,1,0,0,0,0,1
1,4062,30000,20.73,1373,91.1,5,6,10.308952660644293,0,0,0,0,0,0,0,0,1,0,0,0,0,1,1,0,0,0,1
1,3813,26000,18.9,1197,82,5,8,10.16585181700362,0,0,0,0,0,0,0,0,1,0,0,0,0,1,1,0,0,0,1
1,2949,127510,19,1248,90,5,11,11.755950071877587,0,0,0,0,1,0,0,0,0,0,1,0,0,0,1,0,1,0,1
1,4833,131000,11,2987,198.5,5,16,11.782952602183288,0,0,0,0,0,0,0,0,1,0,1,0,0,0,0,0,0,0,0
1,24,33000,14.4,1598,103.6,5,11,10.404262840448617,0,0,0,0,0,0,0,1,0,0,0,0,0,1,0,0,0,0,0
1,1115,48000,23.59,1364,67.05,5,9,10.778956289890028,0,1,0,0,0,0,0,0,0,0,1,0,0,0,1,0,0,0,1
1,5126,45000,21.1,814,55.2,5,9,10.714417768752456,0,1,0,0,0,0,0,0,0,0,0,0,0,1,1,0,0,0,1
1,2603,74213,14.84,2143,170,5,11,11.2146946159657,0,0,0,0,0,1,0,0,0,0,1,0,0,0,0,0,0,0,0
1,112,25500,25.4,624,37.5,4,7,10.146433731146518,1,0,0,0,0,0,0,0,0,0,0,0,0,1,1,0,0,0,1
1,2368,143354,16,1997,140,7,10,11.873072374654338,0,1,0,0,0,0,0,0,0,0,1,0,0,0,1,0,1,0,1
1,2736,31000,23.9,1582,126.2,5,5,10.341742483467284,0,1,0,0,0,0,0,0,0,0,1,0,0,0,1,0,0,0,1
1,56,16542,25.17,799,53.3,5,4,9.713657880251851,0,0,0,0,0,0,1,0,0,0,0,0,0,1,1,0,0,0,1
1,1339,24337,26,1498,98.6,5,5,10.099753105042092,0,0,1,0,0,0,0,0,0,0,1,0,0,0,1,0,0,0,1
1,709,100000,13,1343,90,5,10,11.512925464970227,0,0,0,1,0,0,0,0,0,0,0,0,0,1,1,0,0,0,1
1,4527,29000,11.57,2987,254.79,5,5,10.275051108968613,0,1,0,0,0,0,0,0,0,0,1,0,0,0,0,0,0,0,0
1,1256,54000,20.14,1197,81.86,5,7,10.896739325546413,1,0,0,0,0,0,0,0,0,0,0,0,0,1,1,0,0,0,1
1,2050,83128,15.4,2179,120,7,7,11.328136867532482,0,0,0,0,0,0,0,0,1,0,1,0,0,0,1,0,0,0,1
1,281,55000,17,1497,118,5,10,10.915088464214607,0,0,0,0,0,1,0,0,0,0,0,0,0,1,1,0,0,0,1
1,2634,91000,16.8,1341,83,5,16,11.418614785498988,0,0,0,0,0,0,0,0,0,1,0,0,0,1,1,0,0,1,1
1,3700,17370,17,1198,73.75,5,3,9.76249985923515,0,0,0,0,0,0,1,0,0,0,0,0,0,1,1,0,0,0,0
1,1883,98000,10.8,2354,152,5,14,11.492722757652713,0,1,0,0,0,0,0,0,0,0,0,0,0,1,1,0,1,0,1
1,695,62084,22.77,1498,98.59,5,8,11.036243585771077,1,0,0,0,0,0,0,0,0,0,1,0,0,0,1,0,0,0,1
1,5456,97439,25.8,1498,98.6,5,7,11.486981820165283,0,0,0,0,0,0,1,0,0,0,1,0,0,0,1,0,0,0,1
1,4345,45180,12.07,2967,241.4,7,5,10.718409790021994,0,0,1,0,0,0,0,0,0,0,1,0,0,0,0,0,0,0,0
1,1164,73000,22.7,1598,118,5,6,11.198214720130528,0,1,0,0,0,0,0,0,0,0,1,0,0,0,1,0,0,0,1
1,3705,29311,17.9,2143,170,5,2,10.28571815117138,0,0,1,0,0,0,0,0,0,0,1,0,0,0,0,0,0,0,0
1,4419,31130,15.85,1499,110.4,5,7,10.345927263435652,0,0,0,0,0,0,0,0,1,0,0,0,0,1,1,0,0,0,1
1,3433,129000,10.5,2835,107.2,6,17,11.767567683343811,0,0,0,0,0,0,0,0,1,0,1,0,0,0,1,0,0,0,1
1,5829,1617,25.17,799,53.3,5,3,7.388327859577108,0,0,0,0,0,0,0,0,1,0,0,0,0,1,1,0,0,0,1
1,1377,73003,26,1498,98.6,5,4,11.198255815176527,0,0,1,0,0,0,0,0,0,0,1,0,0,0,1,0,0,0,1
1,2523,44001,18.12,1995,190,5,5,10.691967639914862,0,0,0,0,0,0,0,0,0,0,1,0,0,0,0,0,0,0,0
1,2915,10000,18.9,1197,81.86,5,3,9.210340371976184,0,0,0,0,0,1,0,0,0,0,0,0,0,1,1,0,0,0,1
1,2769,44000,15.3,1341,83,5,15,10.691944912900398,1,0,0,0,0,0,0,0,0,0,0,0,0,1,1,0,1,0,1
1,2441,42118,18.3,1197,67.06,5,10,10.648230481739725,0,0,0,0,0,0,0,1,0,0,0,0,0,1,1,0,0,0,1
1,3876,65462,11.1,2354,142,5,12,11.089225100597911,0,0,0,1,0,0,0,0,0,0,0,0,0,1,0,0,0,1,1
1,4185,54996,17.85,2967,300,4,6,10.915015734297123,0,0,0,0,0,0,1,0,0,0,1,0,0,0,0,0,0,0,0
1,3382,46000,11.8,2987,261,7,11,10.736396675471232,0,0,0,0,1,0,0,0,0,0,1,0,0,0,0,0,0,0,0
1,2580,44000,18,1198,86.7,5,8,10.691944912900398,1,0,0,0,0,0,0,0,0,0,0,0,0,1,1,0,1,0,1
1,3774,10575,21.56,1462,103.25,5,3,9.26624800391448,0,0,0,0,0,0,1,0,0,0,0,0,0,1,1,0,0,0,1
1,3428,41697,13.1,1997,141.1,5,4,10.638184462752866,0,0,0,0,0,0,1,0,0,0,0,0,0,1,0,0,0,0,1
1,3370,32000,15.6,1196,70,5,10,10.373491181781864,0,0,0,0,0,0,0,0,1,0,0,0,0,1,1,0,1,0,1
1,5001,40206,19.01,1461,108.5,5,7,10.601771517201225,0,0,0,0,0,0,0,0,1,0,1,0,0,0,1,0,0,0,0
1,4936,50000,17.68,1968,174.33,5,6,10.819778284410283,0,0,0,0,1,0,0,0,0,0,1,0,0,0,0,0,0,0,0
1,81,70000,17.57,1193,88.7,5,4,11.156250521031497,0,0,0,0,0,0,0,0,0,1,0,0,0,1,1,0,0,0,1
1,2023,73557,19.6,1461,108.45,5,7,11.20581589485235,1,0,0,0,0,0,0,0,0,0,1,0,0,0,1,0,0,0,1
1,1757,19000,20.63,1198,67,5,5,9.852194258148575,0,0,0,0,1,0,0,0,0,0,0,0,0,1,1,0,0,0,1
1,3912,68782,14.84,2143,170,5,11,11.138697361783908,0,0,0,0,1,0,0,0,0,0,1,0,0,0,0,0,0,0,0
1,3574,52000,17.9,2143,136,5,7,10.858998997563564,0,0,0,0,0,0,0,1,0,0,1,0,0,0,0,0,0,0,0
1,1997,120000,15.4,2179,120,7,6,11.695247021764185,0,0,0,0,1,0,0,0,0,0,1,0,0,0,1,0,0,0,1
1,3960,41641,21.38,1396,88.7,5,3,10.636840537810377,0,0,0,0,0,0,1,0,0,0,1,0,0,0,1,0,0,0,1
1,2923,2500,18.06,2523,63,7,3,7.824046010856294,0,0,0,0,0,0,0,0,1,0,1,0,0,0,1,0,0,0,1
1,5538,100000,11.5,2982,171,7,8,11.512925464970227,1,0,0,0,0,0,0,0,0,0,1,0,0,0,1,0,1,0,1
1,1651,23576,18.9,1197,82,5,4,10.067984524417529,0,0,1,0,0,0,0,0,0,0,0,0,0,1,0,0,0,0,1
1,3197,60750,14.28,1798,138.03,5,7,11.014522361202799,0,0,0,1,0,0,0,0,0,0,0,0,0,1,1,0,0,0,1
1,2859,4126,21.7,999,67,5,3,8.325063693631197,0,0,0,0,1,0,0,0,0,0,0,0,0,1,1,0,0,0,1
1,3201,38424,17.8,1497,117.3,5,4,10.55643754334466,0,0,0,0,0,0,1,0,0,0,0,0,0,1,1,0,0,0,1
1,5880,92469,19.71,2143,201.15,5,9,11.434628732195053,0,0,1,0,0,0,0,0,0,0,1,0,0,0,0,0,1,0,0
1,5233,75000,23.2,1248,73.94,5,6,11.225243392518447,0,0,0,0,1,0,0,0,0,0,1,0,0,0,1,0,0,0,1
1,678,75200,22.32,1582,126.32,5,9,11.227906509937933,0,0,0,0,0,1,0,0,0,0,1,0,0,0,1,0,0,0,1
1,2248,32000,20.4,1248,91.7,5,6,10.373491181781864,0,0,0,0,0,0,0,1,0,0,1,0,0,0,1,0,0,0,1
1,3682,12076,20.89,1197,81.8,5,2,9.39897529082673,0,0,0,0,0,0,1,0,0,0,0,0,0,1,1,0,0,0,1
1,5113,62000,20.5,1598,103.5,5,9,11.034889664027231,0,0,0,1,0,0,0,0,0,0,1,0,0,0,1,0,1,0,1
1,1042,80000,24.4,1120,71,5,5,11.289781913656018,0,1,0,0,0,0,0,0,0,0,1,0,0,0,1,0,0,0,1
1,567,38461,26.59,1248,74,5,5,10.557400019844794,0,0,1,0,0,0,0,0,0,0,1,0,0,0,1,0,0,0,1
1,3740,91000,17.7,1497,78,5,14,11.418614785498988,0,0,0,0,1,0,0,0,0,0,0,0,0,1,1,0,1,0,1
1,3353,59800,16.9,1197,82,5,6,10.998760939938723,0,1,0,0,0,0,0,0,0,0,0,0,0,1,0,0,0,0,1
1,1236,40748,14.53,1798,138,5,7,10.615162037709958,0,0,0,0,0,0,0,1,0,0,0,0,0,1,1,0,0,0,1
1,2837,59182,15.1,2179,140,7,6,10.988372720584238,0,0,0,0,0,0,1,0,0,0,1,0,0,0,1,0,0,0,1
1,4321,65405,13,2143,204,5,5,11.088353987122328,0,0,1,0,0,0,0,0,0,0,1,0,0,0,0,0,0,0,0
1,1547,90000,21.03,1461,65,5,6,11.407564949312404,0,0,0,0,0,0,0,0,0,1,1,0,0,0,1,0,1,0,1
1,2633,48104,17.4,1497,117.3,5,7,10.781120612719405,0,0,0,0,0,0,0,1,0,0,0,0,0,1,1,0,0,0,1
1,3639,56200,15,1396,98.6,5,9,10.936672035881784,0,0,0,0,0,0,0,0,0,1,0,0,0,1,0,0,0,0,1
1,5292,37333,20.36,1197,78.9,5,9,10.527632932997834,0,0,0,0,0,0,1,0,0,0,0,0,0,1,1,0,0,0,1
1,4015,69000,17.05,1995,184,5,7,11.141861783579397,0,0,0,0,0,0,0,0,1,0,1,0,0,0,0,0,0,0,0
1,271,51982,16.55,2993,258,5,4,10.85865278379234,0,0,1,0,0,0,0,0,0,0,1,0,0,0,0,0,0,0,0
1,2659,25100,17.85,2967,300,4,6,10.130623125119877,0,0,0,0,0,0,0,1,0,0,1,0,0,0,0,0,0,0,0
1,4170,74500,21.2,1248,75,5,7,11.218554404367652,0,0,0,0,0,0,0,0,0,1,1,0,0,0,1,0,0,0,1
1,2164,86514,17.8,1248,74,5,11,11.3680615295347,0,0,0,0,1,0,0,0,0,0,1,0,0,0,1,0,0,0,1
1,2911,32000,18.6,1197,81.83,5,6,10.373491181781864,0,0,0,0,0,0,0,1,0,0,0,0,0,1,1,0,0,0,1
1,1960,62000,20.36,1197,78.9,5,11,11.034889664027231,0,0,0,0,0,0,0,0,1,0,0,0,0,1,1,0,0,0,1
1,3064,55000,25.1,1498,98.6,5,7,10.915088464214607,0,0,0,0,0,0,0,1,0,0,1,0,0,0,1,0,0,0,1
1,3855,65000,19.3,1248,73.9,5,7,11.082142548877776,0,0,0,0,0,1,0,0,0,0,1,0,0,0,1,0,0,0,1
1,4245,84143,13,2987,210,5,14,11.340273011369838,0,0,1,0,0,0,0,0,0,0,0,0,0,1,1,0,0,0,0
1,3932,63000,23.59,1364,67.04,5,7,11.05089000537367,0,0,0,1,0,0,0,0,0,0,1,0,0,0,1,0,0,0,1
1,3174,34994,22.32,1582,126.32,5,10,10.462931897204566,0,0,0,0,0,0,0,1,0,0,1,0,0,0,1,0,0,0,1
1,1828,7000,20.68,1995,190,5,5,8.853665428037448,0,0,0,0,0,0,0,0,1,0,1,0,0,0,0,0,0,0,0
1,1266,46004,20.92,998,67.1,5,9,10.736483628212472,0,0,0,0,1,0,0,0,0,0,0,0,0,1,1,0,0,0,1
1,5004,43912,15.1,1196,73,5,3,10.689942910229725,0,0,0,0,0,0,1,0,0,0,0,0,0,0,1,0,0,0,1
1,4805,47629,15.1,2179,140,7,9,10.771197098403391,0,0,0,0,0,0,0,1,0,0,1,0,0,0,1,0,0,0,1
1,5835,56549,22.7,1498,89.84,5,7,10.942862797921952,0,0,0,0,1,0,0,0,0,0,1,0,0,0,1,0,0,0,1
1,5937,73000,12.05,2179,120,8,10,11.198214720130528,1,0,0,0,0,0,0,0,0,0,1,0,0,0,1,0,0,0,1
1,2240,60000,16.55,1968,147.51,5,7,11.002099841204238,0,0,0,0,1,0,0,0,0,0,1,0,0,0,0,0,0,0,0
1,4514,45560,16.9,1197,82,5,5,10.726785417561118,0,0,0,0,0,0,1,0,0,0,0,0,0,1,0,0,0,0,1
1,929,80000,22.77,1498,98.59,5,6,11.289781913656018,0,1,0,0,0,0,0,0,0,0,1,0,0,0,1,0,0,0,1
1,1333,107000,21.27,1396,88.76,5,9,11.580584113444045,0,1,0,0,0,0,0,0,0,0,1,0,0,0,1,0,1,0,1
1,5615,65727,19.81,1086,68.05,5,9,11.093265078956328,0,0,0,0,0,0,1,0,0,0,0,0,0,1,1,0,0,0,1
1,1669,20000,13.24,1598,102.57,5,8,9.903487552536127,0,0,0,0,0,0,0,0,0,1,0,0,0,1,1,0,0,0,1
1,1560,42000,18.6,1197,85.8,5,9,10.645424897265503,0,1,0,0,0,0,0,0,0,0,0,0,0,1,1,0,0,1,1
1,855,100000,17,1896,105,5,12,11.512925464970227,0,0,0,0,0,1,0,0,0,0,1,0,0,0,1,0,0,0,1
1,364,65000,17.3,993,60,5,18,11.082142548877776,0,0,0,0,0,0,0,1,0,0,0,0,0,1,1,0,0,0,1
1,138,12000,19,1199,88.7,5,6,9.392661928770137,0,0,0,0,0,0,0,0,1,0,0,0,0,1,0,0,0,0,1
1,304,59138,17,1405,70,5,8,10.98762897477578,0,0,1,0,0,0,0,0,0,0,1,0,0,0,1,0,0,0,1
1,1594,24782,20.85,1197,83.14,5,6,10.117872862176439,0,0,0,0,0,0,1,0,0,0,0,0,0,1,1,0,0,0,1
1,1028,85000,11.3,2987,254.8,7,7,11.350406535472453,0,0,0,1,0,0,0,0,0,0,1,0,0,0,0,0,0,0,0
1,388,95000,16.2,1599,103.2,5,11,11.461632170582678,0,0,0,0,0,0,0,0,0,1,0,0,0,1,1,0,0,0,1
1,3636,135000,13.8,1399,68,5,11,11.813030057420569,0,0,0,0,0,1,0,0,0,0,1,0,0,0,1,0,0,0,1
1,780,112808,17.8,1399,68,5,14,11.633442537517064,0,0,0,0,0,0,0,0,0,1,1,0,0,0,1,0,1,0,1
1,3561,35058,15,1598,103.52,5,5,10.464759111782492,0,0,0,0,0,0,1,0,0,0,0,0,0,1,1,0,0,0,1
1,4978,25717,19,1199,88.76,5,2,10.154907530801994,0,0,0,0,0,0,1,0,0,0,0,0,0,1,0,0,0,0,1
1,3083,74290,21.43,1364,87.2,5,8,11.21573163214585,0,0,0,0,0,0,1,0,0,0,1,0,0,0,1,0,0,0,1
1,4857,54680,21.1,814,55.2,5,6,10.909253290837883,0,0,0,0,0,1,0,0,0,0,0,0,0,1,1,0,0,0,1
1,5290,29647,20.14,1498,88,5,5,10.297116218868338,0,0,0,0,1,0,0,0,0,0,1,0,0,0,1,0,0,0,0
1,1435,37000,16,2179,140,7,9,10.518673191626359,0,0,0,0,0,0,0,0,1,0,1,0,0,0,1,0,0,0,1
1,2873,81298,20.14,1498,88.8,5,7,11.305876694987306,0,0,0,0,1,0,0,0,0,0,1,0,0,0,1,0,0,0,0
1,5159,45800,22.7,1498,89.84,5,7,10.732039370102276,0,0,0,0,1,0,0,0,0,0,1,0,0,0,1,0,0,0,1
1,1983,41123,23.1,998,67.04,5,7,10.624322854666243,0,1,0,0,0,0,0,0,0,0,0,0,0,1,1,0,0,0,1
1,3167,107000,20.85,1197,83.14,5,6,11.580584113444045,0,0,0,0,0,0,0,1,0,0,0,0,0,1,1,0,0,0,1
1,2867,15334,21.1,814,55.2,5,3,9.63782786411884,0,0,0,0,0,0,1,0,0,0,0,0,0,1,1,0,0,0,1
1,4787,56526,15.26,1598,103.5,5,8,10.942455988276725,0,0,1,0,0,0,0,0,0,0,0,0,0,1,1,0,0,0,0
1,5135,14980,27.3,1498,98.6,5,5,9.61447125707121,0,1,0,0,0,0,0,0,0,0,1,0,0,0,1,0,0,0,1
1,3993,42939,16.96,1968,138.03,5,7,10.667535782852326,0,0,0,0,1,0,0,0,0,0,1,0,0,0,0,0,0,0,0
1,3822,12501,20.51,998,67.04,5,5,9.433563920090565,0,0,0,0,0,0,0,1,0,0,0,0,0,1,1,0,0,0,1
1,3572,36824,18.53,1968,187.74,5,4,10.513905085497077,0,0,1,0,0,0,0,0,0,0,1,0,0,0,0,0,0,0,0
1,58,121812,13.29,1995,147.6,5,11,11.71023415157243,0,0,0,0,1,0,0,0,0,0,1,0,0,0,0,0,0,0,0
1,76,111111,17.8,1399,68,5,13,11.618284980627555,0,0,0,0,0,1,0,0,0,0,1,0,0,0,1,0,0,0,1
1,815,21456,20.36,1197,78.9,5,5,9.97375960552146,0,0,0,0,0,0,1,0,0,0,0,0,0,1,1,0,0,0,1
1,2474,23106,17.9,2143,136,5,4,10.047847603042962,0,0,1,0,0,0,0,0,0,0,1,0,0,0,0,0,0,0,0
1,2968,49024,18.4,1198,86.8,5,9,10.800065253100264,0,0,0,0,0,0,0,0,0,1,0,0,0,1,1,0,0,0,1
1,4398,167000,19.09,1396,69,5,12,12.025749091398893,0,1,0,0,0,0,0,0,0,0,1,0,0,0,1,0,1,0,1
1,804,88000,23.4,1248,74,5,8,11.385092093460345,0,0,0,0,0,0,0,0,0,1,1,0,0,0,1,0,0,0,1
1,4739,17400,24.52,1248,88.5,7,4,9.76422548520262,0,0,0,0,1,0,0,0,0,0,1,0,0,0,1,0,0,0,1
1,2950,35010,22.9,1248,74,5,7,10.463389013948712,0,0,0,0,0,0,0,1,0,0,1,0,0,0,1,0,0,0,1
1,2271,24000,17.01,1591,121.4,5,8,10.085809109330082,0,0,0,0,0,0,0,0,1,0,0,0,0,1,0,0,0,0,1
1,2750,33517,27.62,793,47,5,6,10.41980805178408,0,0,0,0,0,0,0,1,0,0,1,0,0,0,1,0,0,0,1
1,4083,26731,21.1,998,100,5,3,10.193579219581707,0,0,1,0,0,0,0,0,0,0,0,0,0,1,1,0,0,0,1
1,3459,26966,20.36,1197,78.9,5,11,10.20233209219402,0,1,0,0,0,0,0,0,0,0,0,0,0,1,1,0,0,0,1
1,2713,45000,16.77,2967,241.38,5,13,10.714417768752456,0,0,0,0,0,0,0,0,0,0,1,0,0,0,0,0,1,0,0
1,3308,12000,13.44,2359,198.25,5,7,9.392661928770137,0,0,0,0,0,0,0,0,1,0,0,0,0,1,1,0,0,0,1
1,4639,45010,21.1,814,55.2,5,8,10.714639966286976,1,0,0,0,0,0,0,0,0,0,0,0,0,1,1,0,1,0,1
1,931,6006,20.73,1373,91.1,5,4,8.700514248543275,0,0,0,0,0,0,0,0,0,0,0,0,0,1,1,0,0,0,1
1,2226,18000,18.9,1197,82,5,5,9.798127036878304,0,1,0,0,0,0,0,0,0,0,0,0,0,1,0,0,0,0,1
1,3472,85000,11.7,2354,177.6,5,10,11.350406535472453,0,1,0,0,0,0,0,0,0,0,0,0,0,1,0,0,1,0,1
1,2366,27000,14.28,1798,138.03,5,7,10.203592144986468,0,0,0,0,0,0,0,1,0,0,0,0,0,1,1,0,0,0,1
1,5632,3000,23.59,1364,67.04,5,3,8.006367567650246,0,0,0,0,0,0,0,0,0,1,1,0,0,0,1,0,0,0,1
1,1287,51192,15.6,1196,70,5,11,10.843338548819297,0,0,0,0,1,0,0,0,0,0,0,0,0,1,1,0,0,0,1
1,2555,62000,25.8,1498,98.6,5,5,11.034889664027231,0,0,0,0,0,0,0,0,0,1,1,0,0,0,1,0,0,0,1
1,4530,100000,12,2987,224,7,8,11.512925464970227,0,0,0,0,0,0,0,0,0,1,1,0,0,0,0,0,0,0,0
1,5119,45500,17,1086,62.1,5,13,10.72546760493904,0,0,0,0,0,0,0,1,0,0,0,0,0,1,1,0,1,0,1
1,1205,24000,13.7,1997,153.86,5,7,10.085809109330082,0,0,0,0,0,0,0,0,1,0,0,0,0,1,1,0,0,0,1
1,4524,148000,14.66,2199,194.3,7,10,11.904967552746253,1,0,0,0,0,0,0,0,0,0,1,0,0,0,1,0,1,0,1
1,4907,29000,17.4,1497,117.3,5,4,10.275051108968613,0,0,0,0,0,0,0,0,0,0,0,0,0,1,1,0,0,0,1
1,449,61672,16,2179,140,7,8,11.029585298139098,0,0,0,0,0,0,1,0,0,0,1,0,0,0,1,0,0,0,1
1,4012,68000,19.7,796,46.3,5,15,11.127262984158245,0,1,0,0,0,0,0,0,0,0,0,0,0,1,1,0,0,0,1
1,5353,26323,17.21,1197,103.5,5,6,10.178198360706745,0,0,0,0,0,0,1,0,0,0,0,0,0,1,0,0,0,0,0
1,4782,20003,20.38,1968,143,5,5,9.903637541287251,0,0,0,0,0,0,0,0,1,0,1,0,0,0,0,0,0,0,0
1,5738,80000,12,2092,127,7,10,11.289781913656018,0,0,0,0,0,1,0,0,0,0,0,0,0,1,1,0,0,0,1
1,1080,40000,17.57,1193,88.7,5,7,10.596634733096073,0,0,0,0,0,0,0,0,1,0,0,0,0,1,1,0,0,0,1
1,3982,25845,16.47,1198,74,5,6,10.15987243763014,0,0,1,0,0,0,0,0,0,0,0,0,0,1,1,0,0,0,0
1,4607,59000,18.5,1197,80,5,8,10.985292722887854,0,0,0,0,0,1,0,0,0,0,0,0,0,1,1,0,1,0,1
1,3484,42244,19.67,1582,126.2,5,5,10.651217610866363,0,0,0,0,0,0,0,0,0,1,1,0,0,0,1,0,0,0,1
1,1448,89000,17.01,1591,121.3,5,6,11.396391648714275,0,0,0,0,0,1,0,0,0,0,0,0,0,1,1,0,0,0,1
1,2429,23152,19.27,2143,167.62,5,3,10.049836448871263,0,0,1,0,0,0,0,0,0,0,1,0,0,0,0,0,0,0,0
1,4893,9952,10.37,2979,306,2,3,9.20552881497896,0,0,0,0,0,0,1,0,0,0,0,0,0,1,0,0,0,0,0
1,5304,21000,21.76,1995,190,5,4,9.952277716705561,1,0,0,0,0,0,0,0,0,0,1,0,0,0,0,0,0,0,0
1,4712,80000,17,1086,62.1,5,18,11.289781913656018,0,0,0,0,0,0,0,0,0,1,0,0,0,1,1,0,1,0,1
1,3615,38578,23.4,1248,74,5,7,10.560437444784183,0,0,0,0,0,0,0,1,0,0,1,0,0,0,1,0,0,0,1
1,5162,150000,21.64,1461,84.8,5,9,11.918390573078392,0,1,0,0,0,0,0,0,0,0,1,0,0,0,1,0,0,0,0
1,1539,148000,21.12,1248,88.8,5,9,11.904967552746253,0,0,0,0,0,0,0,0,0,1,1,0,0,0,1,0,1,0,1
1,4951,48000,20.36,1197,78.9,5,12,10.778956289890028,0,0,0,0,0,0,0,0,1,0,0,0,0,1,1,0,0,0,1
1,3795,87652,14.16,1968,174.3,5,7,11.381129708115294,0,0,1,0,0,0,0,0,0,0,1,0,0,0,0,0,1,0,0
1,2062,33425,17.43,1396,105.5,5,6,10.417059401970144,0,0,0,0,0,0,0,1,0,0,0,0,0,1,1,0,0,0,1
1,4554,70000,21.76,1995,190,5,5,11.156250521031497,0,0,0,0,0,0,0,0,0,1,1,0,0,0,0,0,1,0,0
1,3032,65000,23.2,1248,73.94,5,8,11.082142548877776,0,0,0,0,0,1,0,0,0,0,1,0,0,0,1,0,0,0,1
1,4845,29000,26.21,1248,88.5,5,5,10.275051108968613,0,0,0,0,0,0,0,0,1,0,1,0,0,0,1,0,0,0,1
1,4541,51000,22.69,1995,190,5,10,10.839580911706461,0,0,0,0,0,0,0,0,1,0,1,0,0,0,0,0,0,0,0
1,5152,71082,19.3,1248,73.9,5,9,11.171589419182816,0,0,0,1,0,0,0,0,0,0,1,0,0,0,1,0,0,0,1
1,6,86999,23.08,1461,63.1,5,8,11.373651903317787,0,0,0,0,0,1,0,0,0,0,1,0,0,0,1,0,0,0,0
1,2546,68000,18.5,1197,85.8,5,9,11.127262984158245,0,0,0,0,1,0,0,0,0,0,0,0,0,1,1,0,0,0,1
1,691,36700,21.1,814,55.2,5,5,10.510532034042662,0,0,0,0,0,0,1,0,0,0,0,0,0,1,1,0,0,0,1
1,1994,63854,21.43,1364,86.79,5,8,11.064354506326962,0,0,1,0,0,0,0,0,0,0,1,0,0,0,1,0,0,0,1
1,3669,57309,17,1086,62.1,5,14,10.95621295843176,0,0,0,0,1,0,0,0,0,0,0,0,0,1,1,0,0,0,1
1,5532,63991,18.5,1197,80,5,10,11.066497727453186,0,0,1,0,0,0,0,0,0,0,0,0,0,1,1,0,0,0,1
1,3283,56263,22.9,1248,74,5,8,10.93779240447572,0,0,0,0,0,0,1,0,0,0,1,0,0,0,1,0,0,0,1
1,4613,18000,18.16,1196,86.8,5,5,9.798127036878304,0,0,0,0,0,0,0,0,1,0,0,0,0,1,1,0,0,0,1
1,3516,65400,18.2,1086,93.7,5,10,11.08827753744529,0,0,0,0,0,0,0,0,0,1,0,0,0,1,1,0,0,0,1
1,5528,62000,20.36,1197,78.9,5,9,11.034889664027231,0,0,0,1,0,0,0,0,0,0,0,0,0,1,1,0,0,0,1
1,1091,64984,16.95,1197,78.9,5,10,11.08189636473079,0,0,0,0,0,0,0,0,1,0,0,0,0,1,0,0,0,0,1
1,3928,15500,17.5,1298,85.8,5,9,9.648595302907339,0,0,0,0,0,0,0,0,1,0,0,0,0,1,1,0,0,0,1
1,2296,55000,22.54,1396,88.73,5,7,10.915088464214607,0,0,0,1,0,0,0,0,0,0,1,0,0,0,1,0,0,0,1
1,1511,92000,23.3,1984,150,5,8,11.429543856031176,0,0,0,0,0,0,0,0,0,1,1,0,0,0,0,0,0,0,0
1,4461,37540,18.6,1197,81.86,5,5,10.5331623101405,0,0,0,0,0,0,1,0,0,0,0,0,0,1,1,0,0,0,1
1,1940,66285,19.5,1199,75,5,11,11.101718906232948,0,0,0,0,1,0,0,0,0,0,1,0,0,0,1,0,0,0,1
1,3875,75055,19.01,1461,108.5,5,6,11.225976457094276,0,0,0,0,0,1,0,0,0,0,1,0,0,0,1,0,0,0,0
1,2073,2000,20.7,1496,113.98,5,4,7.600902459542082,0,0,0,0,1,0,0,0,0,0,1,0,0,0,0,0,0,0,0
1,4729,60000,13.9,1599,103.2,5,12,11.002099841204238,0,1,0,0,0,0,0,0,0,0,0,0,0,1,1,0,0,1,1
1,5876,23700,17.5,1373,80.46,7,4,10.073230327123225,0,0,0,0,0,0,0,0,1,0,0,0,0,0,1,0,0,0,1
1,2526,14001,18.6,1197,81.83,5,4,9.546884034617923,0,0,0,0,0,0,0,0,1,0,0,0,0,1,1,0,0,0,1
1,2718,49105,20.34,1498,103.2,5,8,10.801716141591879,0,0,0,0,0,0,0,0,1,0,1,0,0,0,1,0,0,0,0
1,1157,20000,18.9,1197,81.86,5,4,9.903487552536127,0,0,0,0,1,0,0,0,0,0,0,0,0,1,1,0,0,0,1
1,1497,28321,14.28,1798,138.03,5,3,10.25135885791871,0,0,0,0,0,0,1,0,0,0,0,0,0,1,0,0,0,0,1
1,3973,37298,25.1,1498,98.6,5,7,10.526694984891392,0,0,0,0,0,0,0,1,0,0,1,0,0,0,1,0,0,0,1
1,5441,54650,10.91,3198,197,7,4,10.908704493604684,0,0,1,0,0,0,0,0,0,0,1,0,0,0,0,0,0,0,1
1,5192,50121,20.4,1197,83.11,5,13,10.822195360925887,0,0,1,0,0,0,0,0,0,0,0,0,0,1,1,0,0,0,1
1,4364,72202,20,1968,138.1,5,8,11.18722302532828,0,0,1,0,0,0,0,0,0,0,1,0,0,0,0,0,0,0,1
1,225,32000,22.5,998,67.04,5,8,10.373491181781864,0,0,0,0,0,0,0,1,0,0,0,0,0,1,1,0,0,0,1
1,5575,46162,22.54,1396,88.73,5,6,10.739912227799694,0,0,1,0,0,0,0,0,0,0,1,0,0,0,1,0,0,0,1
1,48,75000,24.4,1120,71,5,7,11.225243392518447,0,0,0,0,0,1,0,0,0,0,1,0,0,0,1,0,0,0,1
1,584,15200,15.06,1995,177,5,9,9.629050706834368,0,0,0,0,0,0,0,0,1,0,1,0,0,0,0,0,0,0,0
1,1265,45000,17.32,1968,184,5,8,10.714417768752456,0,0,0,0,0,0,0,1,0,0,1,0,0,0,0,0,0,0,0
1,4572,26568,21.1,814,55.2,5,6,10.187462763056583,0,0,1,0,0,0,0,0,0,0,0,0,0,1,1,0,0,0,1
1,5833,57000,22.77,1498,98.59,5,6,10.950806546816688,0,0,0,1,0,0,0,0,0,0,1,0,0,0,1,0,0,0,1
1,5401,10000,18.6,1197,81.83,5,4,9.210340371976184,0,0,0,0,0,0,0,0,0,1,0,0,0,1,1,0,0,0,1
1,2338,67000,23,1396,90,5,9,11.112447898373103,1,0,0,0,0,0,0,0,0,0,1,0,0,0,1,0,0,0,1
1,3957,53886,25.17,799,53.3,5,5,10.894625982899003,0,0,0,0,0,0,1,0,0,0,0,0,0,1,1,0,0,0,1
1,272,36000,20.36,1197,78.9,5,11,10.491274217438248,1,0,0,0,0,0,0,0,0,0,0,0,0,1,1,0,1,0,1
1,1131,38282,28.09,1248,88.5,5,4,10.552735090806054,0,0,0,0,0,1,0,0,0,0,1,0,0,0,1,0,0,0,1
1,2362,80000,14,2179,138.1,7,7,11.289781913656018,0,0,0,1,0,0,0,0,0,0,1,0,0,0,1,0,0,0,1
1,4728,12336,17,1591,121.3,5,2,9.42027709580311,0,0,0,0,0,0,1,0,0,0,0,0,0,1,1,0,0,0,1
1,1986,173000,20.54,1598,103.6,5,10,12.061046873479915,0,1,0,0,0,0,0,0,0,0,1,0,0,0,1,0,0,0,0
1,392,56451,13.5,2987,282,5,4,10.941128284212754,0,0,1,0,0,0,0,0,0,0,1,0,0,0,0,0,0,0,0
1,1744,121000,24.52,1248,88.5,7,4,11.703545824578876,0,0,0,0,0,0,0,0,0,1,1,0,0,0,1,0,0,0,1
1,1670,31829,21.1,814,55.2,5,4,10.368133102880325,0,0,0,0,1,0,0,0,0,0,0,0,0,1,1,0,0,0,1
1,5150,62000,15.1,2179,140,7,7,11.034889664027231,0,0,0,0,0,0,0,1,0,0,1,0,0,0,1,0,0,0,1
1,2953,38755,25.8,1498,98.6,5,8,10.565015058715613,0,0,0,0,0,0,0,1,0,0,1,0,0,0,1,0,0,0,1
1,5259,8554,25.17,799,53.3,5,5,9.054154288786853,0,0,0,0,0,0,0,0,1,0,0,0,0,1,1,0,0,0,1
1,1601,38000,17.4,1497,117.3,5,6,10.545341438708524,1,0,0,0,0,0,0,0,0,0,0,0,0,1,1,0,0,0,1
1,4306,82203,19.81,1086,68.05,5,13,11.316947076728662,0,0,0,0,0,1,0,0,0,0,0,0,0,1,1,0,0,0,1
1,212,30000,20.46,1461,83.8,5,7,10.308952660644293,0,0,0,0,0,0,0,0,1,0,1,0,0,0,1,0,0,0,1
1,930,60000,18.2,1061,64,5,14,11.002099841204238,1,0,0,0,0,0,0,0,0,0,0,0,0,1,1,0,1,0,1
1,1319,120000,15.5,1242,93.7,5,16,11.695247021764185,0,0,0,0,0,0,0,0,0,1,0,0,0,1,1,0,1,0,1
1,4538,110009,17.67,1968,138.08,5,11,11.608317459609447,0,0,0,0,1,0,0,0,0,0,1,0,0,0,1,0,0,0,1
1,3805,57000,16.47,1198,73.9,5,8,10.950806546816688,0,0,0,0,0,0,0,0,0,1,0,0,0,1,1,0,0,0,0
1,1892,37024,17.01,1582,126.2,5,4,10.519321629993405,0,0,0,0,0,0,1,0,0,0,1,0,0,0,0,0,0,0,1
1,2557,84600,21.1,814,55.2,5,8,11.345689545594315,0,0,0,0,1,0,0,0,0,0,0,0,0,1,1,0,1,0,1
1,4914,24000,17.9,2143,170,5,4,10.085809109330082,0,0,0,0,0,0,0,0,1,0,1,0,0,0,0,0,0,0,0
1,5802,200000,16.8,1493,110,5,15,12.206072645530176,0,1,0,0,0,0,0,0,0,0,1,0,0,0,1,0,1,0,1
1,981,146000,15.4,1590,94,5,15,11.891361900690471,0,0,0,0,0,0,0,0,0,1,0,0,0,1,1,0,1,0,1
1,1839,79870,20.77,1248,88.76,7,7,11.288155591911435,0,0,0,1,0,0,0,0,0,0,1,0,0,0,1,0,0,0,1
1,2141,78000,25,1396,69.01,5,5,11.26446410567173,0,1,0,0,0,0,0,0,0,0,1,0,0,0,1,0,1,0,1
1,336,105000,11.3,1794,125,5,17,11.561715629139659,0,1,0,0,0,0,0,0,0,0,0,0,0,1,0,0,1,0,1
1,3290,83000,17.8,1399,68,5,13,11.326595886778733,0,0,0,0,1,0,0,0,0,0,1,0,0,0,1,0,1,0,1
1,5837,55036,22.54,1396,88.73,5,5,10.915742795547708,0,0,0,0,0,0,1,0,0,0,1,0,0,0,1,0,0,0,1
1,2958,30000,18.9,1197,82,5,7,10.308952660644293,1,0,0,0,0,0,0,0,0,0,0,0,0,1,1,0,1,0,1
1,2518,56121,23.4,1248,74,5,9,10.935265353017012,0,0,0,0,0,0,0,0,0,0,1,0,0,0,1,0,0,0,1
1,1818,37000,18.9,1197,82,5,7,10.518673191626359,0,0,0,0,0,0,0,1,0,0,0,0,0,1,1,0,0,0,1
1,5459,28000,13,2987,258,5,7,10.23995978915734,1,0,0,0,0,0,0,0,0,0,1,0,0,0,0,0,0,0,0
1,3319,48823,19.5,1582,126.24,5,8,10.79595679228428,0,0,0,0,0,0,0,0,0,1,1,0,0,0,0,0,0,0,1
1,5791,41082,13,2143,204,5,5,10.623325348349118,0,0,1,0,0,0,0,0,0,0,1,0,0,0,0,0,0,0,0
1,4877,17477,17,1198,108.5,5,3,9.768641009766359,0,0,1,0,0,0,0,0,0,0,0,0,0,1,1,0,0,0,1
1,5051,145277,15.3,1596,101,5,14,11.886397543842175,0,0,0,0,1,0,0,0,0,0,0,0,0,1,1,0,0,0,1
1,4053,44000,16.4,1497,78,5,15,10.691944912900398,0,0,0,0,0,0,0,1,0,0,0,0,0,1,0,0,0,0,1
1,4891,65807,19.81,1086,68.05,5,8,11.094481494633863,0,0,1,0,0,0,0,0,0,0,0,0,0,1,1,0,0,0,1
1,1753,110000,21,1461,64.1,5,10,11.608235644774554,0,1,0,0,0,0,0,0,0,0,1,0,0,0,1,0,1,0,1
1,5708,16503,16,1497,117.3,7,4,9.711297461543568,0,0,0,0,0,0,0,0,1,0,0,0,0,1,0,0,0,0,1
1,2537,28733,12.07,2967,241.4,7,5,10.265801566988307,0,0,1,0,0,0,0,0,0,0,1,0,0,0,0,0,1,0,0
1,1397,35659,15.97,2993,258,7,5,10.48175684839914,0,0,0,0,0,0,1,0,0,0,1,0,0,0,0,0,0,0,0
1,174,62500,17.68,1968,174.33,5,9,11.042921835724492,0,0,0,0,0,0,0,0,1,0,1,0,0,0,0,0,1,0,0
1,3987,72000,11.5,2982,171,7,7,11.184421397998193,1,0,0,0,0,0,0,0,0,0,1,0,0,0,1,0,1,0,1
1,4430,12000,22.7,799,53,5,4,9.392661928770137,1,0,0,0,0,0,0,0,0,0,0,0,0,1,1,0,0,0,1
1,4447,51223,18.9,1197,81.86,5,4,10.843943928909063,0,0,0,0,0,0,1,0,0,0,0,0,0,1,1,0,0,0,1
1,5338,55000,15,1396,98.6,5,9,10.915088464214607,0,0,0,0,0,0,0,0,0,1,0,0,0,1,0,0,1,0,1
1,3601,78000,12.4,2698,179.5,5,12,11.26446410567173,0,0,0,0,0,0,0,0,0,0,1,0,0,0,0,0,0,0,0
1,2003,28143,20.68,1995,190,5,5,10.24505393479406,1,0,0,0,0,0,0,0,0,0,1,0,0,0,0,0,0,0,0
1,3159,22000,16.47,1198,74,5,6,9.998797732340453,0,0,0,0,0,0,0,0,1,0,0,0,0,1,1,0,0,0,0
1,3310,11000,18.7,1199,88.7,5,4,9.305650551780507,0,1,0,0,0,0,0,0,0,0,0,0,0,1,1,0,0,0,1
1,2089,30000,9.52,2993,313,4,8,10.308952660644293,0,0,0,0,0,0,0,0,1,0,1,0,0,0,0,0,0,0,0
1,3830,79000,12.55,2982,168.5,7,7,11.277203131449161,0,0,0,1,0,0,0,0,0,0,1,0,0,0,0,0,0,0,1
1,4411,68365,26.6,998,58.16,5,7,11.13261627674318,0,0,0,0,0,0,1,0,0,0,0,0,0,0,1,0,0,0,1
1,4210,53900,14.16,1968,174.3,5,7,10.89488575689709,1,0,0,0,0,0,0,0,0,0,1,0,0,0,0,0,0,0,0
1,0,72000,26.6,998,58.16,5,11,11.184421397998193,0,0,0,0,0,0,0,0,1,0,0,0,0,0,1,0,0,0,1
1,2228,65263,17.5,1373,80.46,7,5,11.086180539057011,0,0,0,0,0,0,0,0,1,0,0,0,0,0,1,0,0,0,1
1,1387,60453,16.47,1198,74,5,5,11.009621482603086,0,0,0,0,1,0,0,0,0,0,0,0,0,1,1,0,0,0,0
1,4477,58000,16.95,1197,78.9,5,9,10.968198289528555,0,0,0,0,0,0,0,0,0,0,0,0,0,1,0,0,0,0,1
1,3136,56000,19.81,1086,68.05,5,11,10.933106969717288,1,0,0,0,0,0,0,0,0,0,0,0,0,1,1,0,0,0,1
1,3117,47000,19,998,67.1,5,12,10.757902880692196,0,0,0,0,0,0,0,0,1,0,0,0,0,1,1,0,0,0,1
1,402,125000,19.7,796,46.3,5,11,11.736069016284436,0,0,0,0,0,1,0,0,0,0,0,0,0,1,1,0,0,0,1
1,4826,23876,24.07,998,67.1,5,6,10.08062904928854,0,0,0,0,0,0,1,0,0,0,0,0,0,1,1,0,0,0,1
1,3348,64000,21.9,1396,90,5,7,11.066638362341811,0,0,0,0,0,0,0,0,0,0,1,0,0,0,1,0,0,0,1
1,1860,720000,20.54,1598,103.6,5,8,13.487006490992238,0,1,0,0,0,0,0,0,0,0,1,0,0,0,1,0,0,0,0
1,4191,28000,15.73,1968,174.33,5,6,10.23995978915734,0,1,0,0,0,0,0,0,0,0,1,0,0,0,0,0,0,0,0
1,4361,54500,21.13,1498,108.4,5,9,10.905955980651335,0,0,0,0,0,0,0,0,1,0,1,0,0,0,1,0,0,0,1
1,836,33372,18.6,1197,85.8,5,7,10.415472504021963,0,0,1,0,0,0,0,0,0,0,0,0,0,1,1,0,1,0,1
1,1611,85000,11.79,2179,120,7,9,11.350406535472453,0,0,0,1,0,0,0,0,0,0,1,0,0,0,0,0,0,0,1
1,4140,20000,21.1,814,55.2,5,6,9.903487552536127,0,0,0,0,0,0,0,0,0,0,0,0,0,1,1,0,0,0,1
1,1846,255000,12.99,2494,100.6,7,8,12.449018824140566,0,0,0,0,0,0,0,0,0,1,1,0,0,0,1,0,0,1,1
1,2336,160000,11.3,1794,125,5,17,11.982929094215965,0,0,0,0,0,1,0,0,0,0,0,0,0,1,0,0,1,0,1
1,3697,46000,22.48,1995,190,5,11,10.736396675471232,0,0,0,0,0,0,0,0,0,0,1,0,0,0,0,0,0,0,0
1,4755,52000,15.68,1999,177,5,5,10.858998997563564,0,0,0,0,1,0,0,0,0,0,1,0,0,0,0,0,0,0,0
1,5723,30000,14.8,1595,120.7,5,8,10.308952660644293,0,0,0,1,0,0,0,0,0,0,0,0,0,1,0,0,1,0,0
1,5529,105000,18.2,999,93.7,5,16,11.561715629139659,0,1,0,0,0,0,0,0,0,0,0,0,0,1,1,0,0,0,1
1,3239,56454,28.4,1248,73.75,5,8,10.94118142623482,0,0,0,0,0,0,0,0,0,0,1,0,0,0,1,0,0,0,1
1,5183,38622,17.4,1497,117.3,5,8,10.561577341280671,0,0,1,0,0,0,0,0,0,0,0,0,0,1,1,0,0,0,1
1,3812,105000,20.77,1248,88.76,7,9,11.561715629139659,0,0,0,0,0,0,0,0,0,1,1,0,0,0,1,0,1,0,1
1,3409,7000,17.97,1498,99.6,5,8,8.853665428037448,0,0,0,0,0,0,0,0,1,0,0,0,0,1,0,0,0,0,1
1,3266,7501,10,2996,333,4,6,8.922791623969637,0,0,0,0,0,0,0,1,0,0,0,0,0,1,0,0,0,0,0
1,4202,85301,12.4,1998,132,8,7,11.353941456740479,0,0,1,0,0,0,0,0,0,0,0,0,0,1,1,0,0,0,1
1,5799,19000,21.5,1498,108.5,5,5,9.852194258148575,0,0,0,0,0,0,0,0,0,1,1,0,0,0,0,0,0,0,0
1,564,63642,27.3,1498,98.6,5,6,11.061028908733526,0,0,0,0,0,1,0,0,0,0,1,0,0,0,1,0,0,0,1
1,1186,41460,25.2,1248,74,5,5,10.63248438598977,0,0,0,0,0,1,0,0,0,0,1,0,0,0,1,0,0,0,1
1,1242,1000,13.6,1999,177,5,3,6.907755278982138,0,0,0,1,0,0,0,0,0,0,1,0,0,0,0,0,0,0,0
1,5047,58133,22.9,1248,74,5,9,10.970488767827511,0,1,0,0,0,0,0,0,0,0,1,0,0,0,1,0,0,0,1
1,1355,110000,13.01,2199,194.3,7,7,11.608235644774554,0,1,0,0,0,0,0,0,0,0,1,0,0,0,0,0,0,0,1
1,4616,46000,18.9,1197,82,5,6,10.736396675471232,0,0,0,0,0,0,0,0,0,0,0,0,0,1,0,0,0,0,1
1,4444,4500,18.9,1197,81.86,5,3,8.411832675758411,0,0,0,0,0,0,0,1,0,0,0,0,0,1,1,0,0,0,1
1,714,13000,22,1197,81.8,5,4,9.472704636443671,0,0,0,0,1,0,0,0,0,0,0,0,0,1,0,0,0,0,1
1,2764,7000,20.36,1197,78.9,5,5,8.853665428037448,0,0,0,0,0,0,0,1,0,0,0,0,0,1,1,0,0,0,1
1,4304,62000,20.14,1498,88.8,5,6,11.034889664027231,0,0,0,0,1,0,0,0,0,0,1,0,0,0,1,0,0,0,0
1,1897,40000,21.64,1461,84.8,5,8,10.596634733096073,0,0,0,0,0,0,0,1,0,0,1,0,0,0,1,0,0,0,1
1,4417,58000,11.7,2993,245,5,10,10.968198289528555,0,1,0,0,0,0,0,0,0,0,1,0,0,0,0,0,1,0,0
1,1491,33000,21.1,1197,85.8,5,7,10.404262840448617,0,0,0,0,0,0,0,0,1,0,0,0,0,1,1,0,0,0,1
1,5617,39861,20.14,1498,88.8,5,3,10.593153681259418,0,0,1,0,0,0,0,0,0,0,1,0,0,0,1,0,0,0,0
1,2918,55960,11.5,2982,171,7,7,10.932392428779416,0,0,0,0,0,0,0,0,0,1,1,0,0,0,1,0,0,0,1
1,2831,36836,15.1,2179,140,7,6,10.514230906841258,0,0,1,0,0,0,0,0,0,0,1,0,0,0,1,0,0,0,1
1,886,7000,14.33,1984,226.6,4,9,8.853665428037448,0,0,0,0,0,0,0,1,0,0,0,0,0,1,0,0,0,0,0
1,1686,156347,12.99,2494,100,8,10,11.95983317498204,0,0,0,0,0,0,0,0,0,1,1,0,0,0,1,0,1,0,1
1,2193,42259,9,1984,181,5,5,10.65157262785174,0,0,1,0,0,0,0,0,0,0,1,0,0,0,0,0,0,0,0
1,3947,38151,28.09,1248,88.5,5,5,10.549307248688855,0,0,0,0,0,0,0,0,1,0,1,0,0,0,1,0,0,0,1
1,5657,75000,16.1,796,37,4,19,11.225243392518447,0,0,0,0,0,1,0,0,0,0,0,0,0,1,1,0,0,0,1
1,1527,49000,20.36,1197,78.9,5,9,10.799575577092764,0,1,0,0,0,0,0,0,0,0,0,0,0,1,1,0,0,0,1
1,3046,49045,20.36,1197,78.9,5,4,10.800493522998416,0,0,0,0,0,0,1,0,0,0,0,0,0,1,1,0,0,0,1
1,744,121377,15.04,1598,103.6,5,9,11.706656683315744,0,0,0,0,0,0,1,0,0,0,0,0,0,1,1,0,0,0,0
1,4141,47200,33.54,998,67.04,5,7,10.762149171573649,0,0,0,0,0,0,0,0,1,0,0,0,0,0,1,0,0,0,1
1,3454,71390,22.7,1498,89.84,5,7,11.175913082496507,0,0,0,0,0,0,1,0,0,0,1,0,0,0,1,0,0,0,1
1,2683,26400,23.1,998,67.04,5,4,10.181119289134408,0,0,0,0,1,0,0,0,0,0,0,0,0,1,1,0,0,0,1
1,1987,12000,23.4,1248,74,5,3,9.392661928770137,0,0,0,0,0,0,0,0,0,1,1,0,0,0,1,0,0,0,1
1,3103,45000,18.44,1198,75,5,8,10.714417768752456,0,0,0,0,0,0,0,1,0,0,0,0,0,1,1,0,0,0,0
1,1137,62655,18.88,1995,184,5,8,11.045398765599382,0,0,0,0,0,1,0,0,0,0,1,0,0,0,0,0,0,0,0
1,5291,43639,21.1,998,100,5,3,10.683706524927356,0,0,0,0,0,0,1,0,0,0,0,0,0,1,1,0,0,0,1
1,5373,44504,23.4,1248,74,5,4,10.70333435175513,0,0,0,0,1,0,0,0,0,0,1,0,0,0,1,0,0,0,1
1,2452,69000,25.4,1186,73.97,5,4,11.141861783579397,0,0,0,0,0,0,0,0,1,0,1,0,0,0,1,0,0,0,1
1,1212,52000,17,1497,118,5,10,10.858998997563564,0,0,0,0,0,1,0,0,0,0,0,0,0,1,1,0,0,0,1
1,2058,75863,19.01,1461,108.45,5,6,11.236684360994033,0,0,0,0,0,0,1,0,0,0,1,0,0,0,1,0,0,0,1
1,196,43571,20.36,1197,78.9,5,6,10.682147070420287,0,0,0,0,0,1,0,0,0,0,0,0,0,1,1,0,0,0,1
1,1552,64961,16,2179,140,7,4,11.081542368805742,0,0,1,0,0,0,0,0,0,0,1,0,0,0,1,0,0,0,1
1,589,47088,10.13,3498,364.9,5,15,10.759773470473254,1,0,0,0,0,0,0,0,0,0,0,0,0,1,0,0,1,0,0
1,2176,40194,15.04,1598,103.2,5,6,10.601473009736322,0,0,0,0,0,0,0,0,1,0,0,0,0,1,1,0,0,0,0
1,1464,43000,14.16,1968,174.3,5,5,10.668955394675699,0,0,0,0,1,0,0,0,0,0,1,0,0,0,0,0,0,0,0
1,790,26875,16.8,796,34.2,8,8,10.198951765429962,0,0,0,0,1,0,0,0,0,0,0,0,0,1,1,0,0,0,1
1,3534,75000,16.1,1298,88.2,5,11,11.225243392518447,0,0,0,0,0,0,0,0,0,1,0,0,0,1,1,0,0,0,1
1,2453,79200,22.71,1461,84.8,5,7,11.279731577802515,0,1,0,0,0,0,0,0,0,0,1,0,0,0,1,0,0,0,0
1,5959,109703,14.28,1798,138.03,5,11,11.605531993200238,0,0,0,1,0,0,0,0,0,0,0,0,0,1,0,0,1,0,1
1,1896,35569,17,1198,73.75,5,3,10.479229750968447,0,0,1,0,0,0,0,0,0,0,0,0,0,1,1,0,0,0,0
1,131,54000,16,2179,140,7,5,10.896739325546413,0,0,0,0,0,1,0,0,0,0,1,0,0,0,0,0,0,0,1
1,180,53537,13.7,1798,157.75,5,9,10.888128282631826,0,0,0,0,0,0,1,0,0,0,0,0,0,1,0,0,0,0,1
1,5911,55000,20.5,1598,103.5,5,9,10.915088464214607,0,1,0,0,0,0,0,0,0,0,1,0,0,0,1,0,0,0,1
1,5294,25000,10.37,2979,306,2,10,10.126631103850338,0,0,0,1,0,0,0,0,0,0,0,0,0,1,0,0,0,0,0
1,3522,66400,18.2,999,93.7,5,9,11.103452335464523,0,0,0,0,0,0,1,0,0,0,0,0,0,1,1,0,0,0,1
1,2643,88096,19.3,1248,73.9,5,12,11.386182407942336,0,0,0,0,1,0,0,0,0,0,1,0,0,0,1,0,1,0,1
1,3578,20000,21.4,1197,83.1,5,5,9.903487552536127,0,0,0,0,0,0,0,1,0,0,0,0,0,1,0,0,0,0,1
1,4533,70000,15.4,1193,65,5,8,11.156250521031497,0,0,0,0,0,0,0,0,0,1,0,0,0,1,1,0,1,0,1
1,4127,28000,14.8,1595,120.7,5,8,10.23995978915734,0,0,0,1,0,0,0,0,0,0,0,0,0,1,0,0,0,0,0
1,3666,45000,19.4,1198,86.8,5,8,10.714417768752456,0,0,0,0,0,0,0,0,0,1,0,0,0,1,1,0,1,0,1
1,2126,170428,12.8,2494,102,8,14,12.04606819912725,0,0,0,0,0,0,0,0,0,1,1,0,0,0,1,0,1,0,1
1,671,37199,17.5,1498,99.6,5,8,10.524037158179489,0,0,0,0,0,0,1,0,0,0,0,0,0,1,0,0,0,0,0
1,1947,32324,14.84,2143,170,5,4,10.38356526735334,0,0,1,0,0,0,0,0,0,0,1,0,0,0,0,0,0,0,0
1,5560,6568,25.17,799,53.3,5,2,8.789964651132264,0,0,0,0,0,0,1,0,0,0,0,0,0,1,1,0,0,0,1
1,5992,42036,13.7,1798,157.75,5,10,10.646281672985488,0,0,0,0,0,0,0,0,1,0,0,0,0,1,0,0,0,0,1
1,2275,39000,23,1498,98.96,5,4,10.571316925111784,0,0,0,1,0,0,0,0,0,0,1,0,0,0,1,0,0,0,1
1,5694,36154,25.83,1498,99,5,4,10.4955428715348,0,0,1,0,0,0,0,0,0,0,1,0,0,0,1,0,1,0,1
1,2436,53000,19.2,1086,68.05,5,9,10.878047192534261,0,0,0,0,0,1,0,0,0,0,0,0,1,0,1,0,1,0,1
1,1483,57156,18.88,1995,184,5,9,10.95353965058886,0,0,0,0,1,0,0,0,0,0,1,0,0,0,0,0,1,0,0
1,347,27904,21.1,814,55.2,5,5,10.236525326708707,0,0,1,0,0,0,0,0,0,0,0,0,0,1,1,0,0,0,1
1,4927,45000,20.5,1598,103.5,5,8,10.714417768752456,0,0,0,0,0,0,0,0,1,0,1,0,0,0,1,0,0,0,1
